"lsoa11cd","CAUTH18NM","lsoa11nm","GRP_CD","GRP_LABEL"
"E01010568","West Yorkshire","Bradford 016A",6,"e-Mainstream"
"E01010569","West Yorkshire","Bradford 016B",7,"Passive and Uncommitted Users"
"E01010570","West Yorkshire","Bradford 018A",5,"e-Rational Utilitarians"
"E01010571","West Yorkshire","Bradford 016C",6,"e-Mainstream"
"E01010572","West Yorkshire","Bradford 016D",8,"Digital Seniors"
"E01010573","West Yorkshire","Bradford 013A",5,"e-Rational Utilitarians"
"E01010574","West Yorkshire","Bradford 013B",8,"Digital Seniors"
"E01010575","West Yorkshire","Bradford 013C",5,"e-Rational Utilitarians"
"E01010576","West Yorkshire","Bradford 016E",5,"e-Rational Utilitarians"
"E01010577","West Yorkshire","Bradford 013D",5,"e-Rational Utilitarians"
"E01010578","West Yorkshire","Bradford 015A",3,"e-Veterans"
"E01010579","West Yorkshire","Bradford 010A",5,"e-Rational Utilitarians"
"E01010580","West Yorkshire","Bradford 010B",3,"e-Veterans"
"E01010581","West Yorkshire","Bradford 015B",6,"e-Mainstream"
"E01010582","West Yorkshire","Bradford 015C",3,"e-Veterans"
"E01010583","West Yorkshire","Bradford 018B",7,"Passive and Uncommitted Users"
"E01010584","West Yorkshire","Bradford 015D",7,"Passive and Uncommitted Users"
"E01010585","West Yorkshire","Bradford 015E",6,"e-Mainstream"
"E01010586","West Yorkshire","Bradford 022A",5,"e-Rational Utilitarians"
"E01010587","West Yorkshire","Bradford 022B",5,"e-Rational Utilitarians"
"E01010588","West Yorkshire","Bradford 022C",6,"e-Mainstream"
"E01010589","West Yorkshire","Bradford 022D",5,"e-Rational Utilitarians"
"E01010590","West Yorkshire","Bradford 031A",5,"e-Rational Utilitarians"
"E01010591","West Yorkshire","Bradford 022E",7,"Passive and Uncommitted Users"
"E01010592","West Yorkshire","Bradford 031B",8,"Digital Seniors"
"E01010593","West Yorkshire","Bradford 022F",8,"Digital Seniors"
"E01010594","West Yorkshire","Bradford 031C",6,"e-Mainstream"
"E01010595","West Yorkshire","Bradford 031D",6,"e-Mainstream"
"E01010596","West Yorkshire","Bradford 022G",5,"e-Rational Utilitarians"
"E01010597","West Yorkshire","Bradford 028A",7,"Passive and Uncommitted Users"
"E01010598","West Yorkshire","Bradford 028B",7,"Passive and Uncommitted Users"
"E01010599","West Yorkshire","Bradford 028C",6,"e-Mainstream"
"E01010600","West Yorkshire","Bradford 028D",7,"Passive and Uncommitted Users"
"E01010601","West Yorkshire","Bradford 032A",6,"e-Mainstream"
"E01010602","West Yorkshire","Bradford 028E",7,"Passive and Uncommitted Users"
"E01010603","West Yorkshire","Bradford 024A",6,"e-Mainstream"
"E01010604","West Yorkshire","Bradford 024B",8,"Digital Seniors"
"E01010605","West Yorkshire","Bradford 024C",7,"Passive and Uncommitted Users"
"E01010606","West Yorkshire","Bradford 039A",10,"e-Withdrawn"
"E01010607","West Yorkshire","Bradford 039B",10,"e-Withdrawn"
"E01010608","West Yorkshire","Bradford 045A",10,"e-Withdrawn"
"E01010609","West Yorkshire","Bradford 046A",10,"e-Withdrawn"
"E01010610","West Yorkshire","Bradford 046B",10,"e-Withdrawn"
"E01010611","West Yorkshire","Bradford 046C",10,"e-Withdrawn"
"E01010612","West Yorkshire","Bradford 052A",10,"e-Withdrawn"
"E01010613","West Yorkshire","Bradford 045B",10,"e-Withdrawn"
"E01010614","West Yorkshire","Bradford 046D",7,"Passive and Uncommitted Users"
"E01010615","West Yorkshire","Bradford 053A",7,"Passive and Uncommitted Users"
"E01010616","West Yorkshire","Bradford 053B",10,"e-Withdrawn"
"E01010617","West Yorkshire","Bradford 039C",10,"e-Withdrawn"
"E01010618","West Yorkshire","Bradford 038A",10,"e-Withdrawn"
"E01010619","West Yorkshire","Bradford 038B",10,"e-Withdrawn"
"E01010620","West Yorkshire","Bradford 042A",10,"e-Withdrawn"
"E01010621","West Yorkshire","Bradford 042B",10,"e-Withdrawn"
"E01010622","West Yorkshire","Bradford 042C",10,"e-Withdrawn"
"E01010623","West Yorkshire","Bradford 042D",10,"e-Withdrawn"
"E01010624","West Yorkshire","Bradford 042E",10,"e-Withdrawn"
"E01010625","West Yorkshire","Bradford 038C",10,"e-Withdrawn"
"E01010626","West Yorkshire","Bradford 038D",10,"e-Withdrawn"
"E01010627","West Yorkshire","Bradford 038E",10,"e-Withdrawn"
"E01010628","West Yorkshire","Bradford 040A",7,"Passive and Uncommitted Users"
"E01010629","West Yorkshire","Bradford 040B",7,"Passive and Uncommitted Users"
"E01010630","West Yorkshire","Bradford 040C",10,"e-Withdrawn"
"E01010631","West Yorkshire","Bradford 040D",10,"e-Withdrawn"
"E01010632","West Yorkshire","Bradford 040E",7,"Passive and Uncommitted Users"
"E01010633","West Yorkshire","Bradford 047A",6,"e-Mainstream"
"E01010634","West Yorkshire","Bradford 047B",6,"e-Mainstream"
"E01010635","West Yorkshire","Bradford 047C",10,"e-Withdrawn"
"E01010636","West Yorkshire","Bradford 047D",6,"e-Mainstream"
"E01010637","West Yorkshire","Bradford 047E",4,"Youthful Urban Fringe"
"E01010638","West Yorkshire","Bradford 004A",5,"e-Rational Utilitarians"
"E01010639","West Yorkshire","Bradford 004B",8,"Digital Seniors"
"E01010640","West Yorkshire","Bradford 004C",6,"e-Mainstream"
"E01010641","West Yorkshire","Bradford 004D",8,"Digital Seniors"
"E01010642","West Yorkshire","Bradford 004E",5,"e-Rational Utilitarians"
"E01010643","West Yorkshire","Bradford 004F",6,"e-Mainstream"
"E01010644","West Yorkshire","Bradford 004G",6,"e-Mainstream"
"E01010645","West Yorkshire","Bradford 004H",5,"e-Rational Utilitarians"
"E01010646","West Yorkshire","Bradford 001A",5,"e-Rational Utilitarians"
"E01010647","West Yorkshire","Bradford 001B",5,"e-Rational Utilitarians"
"E01010648","West Yorkshire","Bradford 001C",5,"e-Rational Utilitarians"
"E01010649","West Yorkshire","Bradford 027A",7,"Passive and Uncommitted Users"
"E01010650","West Yorkshire","Bradford 027B",7,"Passive and Uncommitted Users"
"E01010651","West Yorkshire","Bradford 032B",6,"e-Mainstream"
"E01010652","West Yorkshire","Bradford 026A",7,"Passive and Uncommitted Users"
"E01010653","West Yorkshire","Bradford 026B",7,"Passive and Uncommitted Users"
"E01010654","West Yorkshire","Bradford 027C",10,"e-Withdrawn"
"E01010655","West Yorkshire","Bradford 026C",7,"Passive and Uncommitted Users"
"E01010656","West Yorkshire","Bradford 026D",7,"Passive and Uncommitted Users"
"E01010657","West Yorkshire","Bradford 026E",6,"e-Mainstream"
"E01010658","West Yorkshire","Bradford 041A",10,"e-Withdrawn"
"E01010659","West Yorkshire","Bradford 049A",10,"e-Withdrawn"
"E01010662","West Yorkshire","Bradford 049D",6,"e-Mainstream"
"E01010663","West Yorkshire","Bradford 050A",10,"e-Withdrawn"
"E01010664","West Yorkshire","Bradford 049E",7,"Passive and Uncommitted Users"
"E01010665","West Yorkshire","Bradford 050B",7,"Passive and Uncommitted Users"
"E01010666","West Yorkshire","Bradford 050C",10,"e-Withdrawn"
"E01010667","West Yorkshire","Bradford 050D",10,"e-Withdrawn"
"E01010668","West Yorkshire","Bradford 055A",7,"Passive and Uncommitted Users"
"E01010669","West Yorkshire","Bradford 030A",10,"e-Withdrawn"
"E01010670","West Yorkshire","Bradford 029A",4,"Youthful Urban Fringe"
"E01010671","West Yorkshire","Bradford 029B",10,"e-Withdrawn"
"E01010672","West Yorkshire","Bradford 036A",6,"e-Mainstream"
"E01010673","West Yorkshire","Bradford 029C",10,"e-Withdrawn"
"E01010674","West Yorkshire","Bradford 030B",10,"e-Withdrawn"
"E01010675","West Yorkshire","Bradford 029D",7,"Passive and Uncommitted Users"
"E01010676","West Yorkshire","Bradford 034A",10,"e-Withdrawn"
"E01010677","West Yorkshire","Bradford 030C",10,"e-Withdrawn"
"E01010678","West Yorkshire","Bradford 036B",6,"e-Mainstream"
"E01010679","West Yorkshire","Bradford 034B",10,"e-Withdrawn"
"E01010680","West Yorkshire","Bradford 019A",7,"Passive and Uncommitted Users"
"E01010681","West Yorkshire","Bradford 019B",3,"e-Veterans"
"E01010682","West Yorkshire","Bradford 019C",7,"Passive and Uncommitted Users"
"E01010683","West Yorkshire","Bradford 017A",3,"e-Veterans"
"E01010684","West Yorkshire","Bradford 017B",6,"e-Mainstream"
"E01010685","West Yorkshire","Bradford 017C",5,"e-Rational Utilitarians"
"E01010686","West Yorkshire","Bradford 017D",8,"Digital Seniors"
"E01010687","West Yorkshire","Bradford 019D",3,"e-Veterans"
"E01010688","West Yorkshire","Bradford 019E",6,"e-Mainstream"
"E01010689","West Yorkshire","Bradford 019F",3,"e-Veterans"
"E01010690","West Yorkshire","Bradford 019G",6,"e-Mainstream"
"E01010691","West Yorkshire","Bradford 002A",5,"e-Rational Utilitarians"
"E01010692","West Yorkshire","Bradford 001D",5,"e-Rational Utilitarians"
"E01010693","West Yorkshire","Bradford 002B",5,"e-Rational Utilitarians"
"E01010694","West Yorkshire","Bradford 002C",5,"e-Rational Utilitarians"
"E01010695","West Yorkshire","Bradford 002D",3,"e-Veterans"
"E01010696","West Yorkshire","Bradford 002E",5,"e-Rational Utilitarians"
"E01010697","West Yorkshire","Bradford 002F",3,"e-Veterans"
"E01010698","West Yorkshire","Bradford 002G",3,"e-Veterans"
"E01010699","West Yorkshire","Bradford 002H",8,"Digital Seniors"
"E01010700","West Yorkshire","Bradford 008A",10,"e-Withdrawn"
"E01010701","West Yorkshire","Bradford 008B",10,"e-Withdrawn"
"E01010702","West Yorkshire","Bradford 008C",10,"e-Withdrawn"
"E01010703","West Yorkshire","Bradford 008D",7,"Passive and Uncommitted Users"
"E01010704","West Yorkshire","Bradford 008E",7,"Passive and Uncommitted Users"
"E01010705","West Yorkshire","Bradford 008F",8,"Digital Seniors"
"E01010706","West Yorkshire","Bradford 006A",5,"e-Rational Utilitarians"
"E01010707","West Yorkshire","Bradford 006B",5,"e-Rational Utilitarians"
"E01010708","West Yorkshire","Bradford 006C",6,"e-Mainstream"
"E01010709","West Yorkshire","Bradford 006D",6,"e-Mainstream"
"E01010710","West Yorkshire","Bradford 008G",10,"e-Withdrawn"
"E01010711","West Yorkshire","Bradford 011A",10,"e-Withdrawn"
"E01010712","West Yorkshire","Bradford 009A",7,"Passive and Uncommitted Users"
"E01010713","West Yorkshire","Bradford 011B",7,"Passive and Uncommitted Users"
"E01010714","West Yorkshire","Bradford 011C",7,"Passive and Uncommitted Users"
"E01010715","West Yorkshire","Bradford 012A",7,"Passive and Uncommitted Users"
"E01010716","West Yorkshire","Bradford 011D",7,"Passive and Uncommitted Users"
"E01010717","West Yorkshire","Bradford 012B",7,"Passive and Uncommitted Users"
"E01010718","West Yorkshire","Bradford 012C",7,"Passive and Uncommitted Users"
"E01010719","West Yorkshire","Bradford 007A",10,"e-Withdrawn"
"E01010720","West Yorkshire","Bradford 009B",10,"e-Withdrawn"
"E01010721","West Yorkshire","Bradford 009C",10,"e-Withdrawn"
"E01010722","West Yorkshire","Bradford 014A",7,"Passive and Uncommitted Users"
"E01010723","West Yorkshire","Bradford 009D",10,"e-Withdrawn"
"E01010724","West Yorkshire","Bradford 009E",10,"e-Withdrawn"
"E01010725","West Yorkshire","Bradford 009F",7,"Passive and Uncommitted Users"
"E01010726","West Yorkshire","Bradford 012D",8,"Digital Seniors"
"E01010727","West Yorkshire","Bradford 007B",6,"e-Mainstream"
"E01010728","West Yorkshire","Bradford 007C",10,"e-Withdrawn"
"E01010729","West Yorkshire","Bradford 007D",8,"Digital Seniors"
"E01010730","West Yorkshire","Bradford 045C",10,"e-Withdrawn"
"E01010731","West Yorkshire","Bradford 048A",7,"Passive and Uncommitted Users"
"E01010732","West Yorkshire","Bradford 048B",10,"e-Withdrawn"
"E01010733","West Yorkshire","Bradford 048C",10,"e-Withdrawn"
"E01010734","West Yorkshire","Bradford 045D",7,"Passive and Uncommitted Users"
"E01010735","West Yorkshire","Bradford 051A",10,"e-Withdrawn"
"E01010736","West Yorkshire","Bradford 048D",10,"e-Withdrawn"
"E01010737","West Yorkshire","Bradford 048E",10,"e-Withdrawn"
"E01010738","West Yorkshire","Bradford 051B",10,"e-Withdrawn"
"E01010739","West Yorkshire","Bradford 051C",10,"e-Withdrawn"
"E01010740","West Yorkshire","Bradford 051D",10,"e-Withdrawn"
"E01010741","West Yorkshire","Bradford 059A",6,"e-Mainstream"
"E01010742","West Yorkshire","Bradford 053C",10,"e-Withdrawn"
"E01010743","West Yorkshire","Bradford 053D",10,"e-Withdrawn"
"E01010744","West Yorkshire","Bradford 051E",10,"e-Withdrawn"
"E01010745","West Yorkshire","Bradford 056A",10,"e-Withdrawn"
"E01010746","West Yorkshire","Bradford 060A",7,"Passive and Uncommitted Users"
"E01010747","West Yorkshire","Bradford 056B",7,"Passive and Uncommitted Users"
"E01010748","West Yorkshire","Bradford 056C",10,"e-Withdrawn"
"E01010749","West Yorkshire","Bradford 056D",7,"Passive and Uncommitted Users"
"E01010750","West Yorkshire","Bradford 060B",7,"Passive and Uncommitted Users"
"E01010751","West Yorkshire","Bradford 060C",7,"Passive and Uncommitted Users"
"E01010752","West Yorkshire","Bradford 058A",6,"e-Mainstream"
"E01010753","West Yorkshire","Bradford 058B",8,"Digital Seniors"
"E01010754","West Yorkshire","Bradford 058C",6,"e-Mainstream"
"E01010755","West Yorkshire","Bradford 055B",7,"Passive and Uncommitted Users"
"E01010756","West Yorkshire","Bradford 058D",6,"e-Mainstream"
"E01010758","West Yorkshire","Bradford 058E",3,"e-Veterans"
"E01010759","West Yorkshire","Bradford 058F",7,"Passive and Uncommitted Users"
"E01010760","West Yorkshire","Bradford 058G",3,"e-Veterans"
"E01010761","West Yorkshire","Bradford 049G",7,"Passive and Uncommitted Users"
"E01010762","West Yorkshire","Bradford 055C",7,"Passive and Uncommitted Users"
"E01010763","West Yorkshire","Bradford 055D",7,"Passive and Uncommitted Users"
"E01010764","West Yorkshire","Bradford 010C",5,"e-Rational Utilitarians"
"E01010765","West Yorkshire","Bradford 010D",8,"Digital Seniors"
"E01010766","West Yorkshire","Bradford 010E",5,"e-Rational Utilitarians"
"E01010767","West Yorkshire","Bradford 003A",5,"e-Rational Utilitarians"
"E01010768","West Yorkshire","Bradford 003B",3,"e-Veterans"
"E01010769","West Yorkshire","Bradford 003C",5,"e-Rational Utilitarians"
"E01010770","West Yorkshire","Bradford 005A",3,"e-Veterans"
"E01010771","West Yorkshire","Bradford 003D",5,"e-Rational Utilitarians"
"E01010772","West Yorkshire","Bradford 005B",5,"e-Rational Utilitarians"
"E01010773","West Yorkshire","Bradford 005C",3,"e-Veterans"
"E01010774","West Yorkshire","Bradford 005D",5,"e-Rational Utilitarians"
"E01010775","West Yorkshire","Bradford 024D",6,"e-Mainstream"
"E01010776","West Yorkshire","Bradford 021A",7,"Passive and Uncommitted Users"
"E01010777","West Yorkshire","Bradford 021B",10,"e-Withdrawn"
"E01010778","West Yorkshire","Bradford 024E",7,"Passive and Uncommitted Users"
"E01010779","West Yorkshire","Bradford 021C",7,"Passive and Uncommitted Users"
"E01010781","West Yorkshire","Bradford 021D",6,"e-Mainstream"
"E01010782","West Yorkshire","Bradford 020B",7,"Passive and Uncommitted Users"
"E01010783","West Yorkshire","Bradford 021E",7,"Passive and Uncommitted Users"
"E01010784","West Yorkshire","Bradford 018C",6,"e-Mainstream"
"E01010785","West Yorkshire","Bradford 018D",3,"e-Veterans"
"E01010786","West Yorkshire","Bradford 018E",3,"e-Veterans"
"E01010787","West Yorkshire","Bradford 020C",6,"e-Mainstream"
"E01010788","West Yorkshire","Bradford 020D",6,"e-Mainstream"
"E01010789","West Yorkshire","Bradford 025A",7,"Passive and Uncommitted Users"
"E01010790","West Yorkshire","Bradford 018F",6,"e-Mainstream"
"E01010791","West Yorkshire","Bradford 025B",7,"Passive and Uncommitted Users"
"E01010792","West Yorkshire","Bradford 025C",10,"e-Withdrawn"
"E01010793","West Yorkshire","Bradford 025D",7,"Passive and Uncommitted Users"
"E01010794","West Yorkshire","Bradford 043A",7,"Passive and Uncommitted Users"
"E01010795","West Yorkshire","Bradford 043B",6,"e-Mainstream"
"E01010796","West Yorkshire","Bradford 043C",7,"Passive and Uncommitted Users"
"E01010797","West Yorkshire","Bradford 043D",3,"e-Veterans"
"E01010798","West Yorkshire","Bradford 043E",6,"e-Mainstream"
"E01010799","West Yorkshire","Bradford 036C",7,"Passive and Uncommitted Users"
"E01010800","West Yorkshire","Bradford 036D",10,"e-Withdrawn"
"E01010801","West Yorkshire","Bradford 036E",7,"Passive and Uncommitted Users"
"E01010802","West Yorkshire","Bradford 036F",7,"Passive and Uncommitted Users"
"E01010803","West Yorkshire","Bradford 037A",10,"e-Withdrawn"
"E01010804","West Yorkshire","Bradford 033A",10,"e-Withdrawn"
"E01010805","West Yorkshire","Bradford 030D",7,"Passive and Uncommitted Users"
"E01010806","West Yorkshire","Bradford 033B",10,"e-Withdrawn"
"E01010807","West Yorkshire","Bradford 033C",10,"e-Withdrawn"
"E01010808","West Yorkshire","Bradford 033D",10,"e-Withdrawn"
"E01010809","West Yorkshire","Bradford 033E",10,"e-Withdrawn"
"E01010810","West Yorkshire","Bradford 037B",10,"e-Withdrawn"
"E01010811","West Yorkshire","Bradford 037C",10,"e-Withdrawn"
"E01010812","West Yorkshire","Bradford 041B",10,"e-Withdrawn"
"E01010813","West Yorkshire","Bradford 037D",10,"e-Withdrawn"
"E01010814","West Yorkshire","Bradford 057A",7,"Passive and Uncommitted Users"
"E01010815","West Yorkshire","Bradford 057B",6,"e-Mainstream"
"E01010816","West Yorkshire","Bradford 057C",6,"e-Mainstream"
"E01010817","West Yorkshire","Bradford 057D",10,"e-Withdrawn"
"E01010818","West Yorkshire","Bradford 057E",6,"e-Mainstream"
"E01010819","West Yorkshire","Bradford 052B",10,"e-Withdrawn"
"E01010820","West Yorkshire","Bradford 052C",10,"e-Withdrawn"
"E01010821","West Yorkshire","Bradford 052D",7,"Passive and Uncommitted Users"
"E01010822","West Yorkshire","Bradford 052E",10,"e-Withdrawn"
"E01010824","West Yorkshire","Bradford 034C",10,"e-Withdrawn"
"E01010825","West Yorkshire","Bradford 032C",6,"e-Mainstream"
"E01010826","West Yorkshire","Bradford 027D",10,"e-Withdrawn"
"E01010827","West Yorkshire","Bradford 032D",7,"Passive and Uncommitted Users"
"E01010828","West Yorkshire","Bradford 035A",7,"Passive and Uncommitted Users"
"E01010829","West Yorkshire","Bradford 035B",10,"e-Withdrawn"
"E01010830","West Yorkshire","Bradford 035C",10,"e-Withdrawn"
"E01010831","West Yorkshire","Bradford 035D",10,"e-Withdrawn"
"E01010832","West Yorkshire","Bradford 035E",10,"e-Withdrawn"
"E01010833","West Yorkshire","Bradford 041C",10,"e-Withdrawn"
"E01010834","West Yorkshire","Bradford 044A",1,"e-Cultural Creators"
"E01010835","West Yorkshire","Bradford 044B",10,"e-Withdrawn"
"E01010836","West Yorkshire","Bradford 044C",4,"Youthful Urban Fringe"
"E01010837","West Yorkshire","Bradford 044D",10,"e-Withdrawn"
"E01010838","West Yorkshire","Bradford 044E",10,"e-Withdrawn"
"E01010839","West Yorkshire","Bradford 044F",10,"e-Withdrawn"
"E01010840","West Yorkshire","Bradford 034D",10,"e-Withdrawn"
"E01010841","West Yorkshire","Bradford 034E",10,"e-Withdrawn"
"E01010842","West Yorkshire","Bradford 039E",10,"e-Withdrawn"
"E01010843","West Yorkshire","Bradford 041D",10,"e-Withdrawn"
"E01010845","West Yorkshire","Bradford 059B",10,"e-Withdrawn"
"E01010846","West Yorkshire","Bradford 055E",7,"Passive and Uncommitted Users"
"E01010847","West Yorkshire","Bradford 054A",7,"Passive and Uncommitted Users"
"E01010848","West Yorkshire","Bradford 054B",7,"Passive and Uncommitted Users"
"E01010849","West Yorkshire","Bradford 059C",8,"Digital Seniors"
"E01010850","West Yorkshire","Bradford 059D",7,"Passive and Uncommitted Users"
"E01010851","West Yorkshire","Bradford 059E",6,"e-Mainstream"
"E01010852","West Yorkshire","Bradford 054C",10,"e-Withdrawn"
"E01010853","West Yorkshire","Bradford 054D",6,"e-Mainstream"
"E01010854","West Yorkshire","Bradford 023A",6,"e-Mainstream"
"E01010855","West Yorkshire","Bradford 023B",5,"e-Rational Utilitarians"
"E01010856","West Yorkshire","Bradford 023C",6,"e-Mainstream"
"E01010857","West Yorkshire","Bradford 023D",5,"e-Rational Utilitarians"
"E01010858","West Yorkshire","Bradford 023E",3,"e-Veterans"
"E01010859","West Yorkshire","Bradford 012E",8,"Digital Seniors"
"E01010860","West Yorkshire","Bradford 014B",5,"e-Rational Utilitarians"
"E01010861","West Yorkshire","Bradford 023F",5,"e-Rational Utilitarians"
"E01010862","West Yorkshire","Bradford 014C",6,"e-Mainstream"
"E01010863","West Yorkshire","Bradford 014D",6,"e-Mainstream"
"E01010864","West Yorkshire","Bradford 059F",7,"Passive and Uncommitted Users"
"E01010865","West Yorkshire","Bradford 060D",6,"e-Mainstream"
"E01010866","West Yorkshire","Bradford 060E",6,"e-Mainstream"
"E01010867","West Yorkshire","Bradford 059G",7,"Passive and Uncommitted Users"
"E01010868","West Yorkshire","Bradford 061A",7,"Passive and Uncommitted Users"
"E01010869","West Yorkshire","Bradford 061B",7,"Passive and Uncommitted Users"
"E01010870","West Yorkshire","Bradford 061C",8,"Digital Seniors"
"E01010871","West Yorkshire","Bradford 061D",6,"e-Mainstream"
"E01010872","West Yorkshire","Bradford 061E",7,"Passive and Uncommitted Users"
"E01010873","West Yorkshire","Bradford 061F",8,"Digital Seniors"
"E01010874","West Yorkshire","Bradford 059H",10,"e-Withdrawn"
"E01010875","West Yorkshire","Calderdale 019A",5,"e-Rational Utilitarians"
"E01010876","West Yorkshire","Calderdale 019B",6,"e-Mainstream"
"E01010877","West Yorkshire","Calderdale 019C",7,"Passive and Uncommitted Users"
"E01010878","West Yorkshire","Calderdale 015A",6,"e-Mainstream"
"E01010879","West Yorkshire","Calderdale 015B",5,"e-Rational Utilitarians"
"E01010880","West Yorkshire","Calderdale 019D",7,"Passive and Uncommitted Users"
"E01010881","West Yorkshire","Calderdale 004A",3,"e-Veterans"
"E01010882","West Yorkshire","Calderdale 004B",5,"e-Rational Utilitarians"
"E01010883","West Yorkshire","Calderdale 004C",3,"e-Veterans"
"E01010884","West Yorkshire","Calderdale 022A",8,"Digital Seniors"
"E01010885","West Yorkshire","Calderdale 022B",5,"e-Rational Utilitarians"
"E01010886","West Yorkshire","Calderdale 022C",8,"Digital Seniors"
"E01010887","West Yorkshire","Calderdale 004D",3,"e-Veterans"
"E01010888","West Yorkshire","Calderdale 004E",3,"e-Veterans"
"E01010889","West Yorkshire","Calderdale 025A",10,"e-Withdrawn"
"E01010890","West Yorkshire","Calderdale 025B",6,"e-Mainstream"
"E01010891","West Yorkshire","Calderdale 024A",7,"Passive and Uncommitted Users"
"E01010892","West Yorkshire","Calderdale 024B",6,"e-Mainstream"
"E01010893","West Yorkshire","Calderdale 025C",7,"Passive and Uncommitted Users"
"E01010894","West Yorkshire","Calderdale 025D",7,"Passive and Uncommitted Users"
"E01010895","West Yorkshire","Calderdale 024C",7,"Passive and Uncommitted Users"
"E01010896","West Yorkshire","Calderdale 026A",3,"e-Veterans"
"E01010897","West Yorkshire","Calderdale 026B",5,"e-Rational Utilitarians"
"E01010898","West Yorkshire","Calderdale 026C",6,"e-Mainstream"
"E01010899","West Yorkshire","Calderdale 026D",6,"e-Mainstream"
"E01010900","West Yorkshire","Calderdale 026E",5,"e-Rational Utilitarians"
"E01010901","West Yorkshire","Calderdale 025E",6,"e-Mainstream"
"E01010902","West Yorkshire","Calderdale 026F",8,"Digital Seniors"
"E01010903","West Yorkshire","Calderdale 025F",8,"Digital Seniors"
"E01010904","West Yorkshire","Calderdale 011A",5,"e-Rational Utilitarians"
"E01010905","West Yorkshire","Calderdale 015C",5,"e-Rational Utilitarians"
"E01010906","West Yorkshire","Calderdale 011B",5,"e-Rational Utilitarians"
"E01010907","West Yorkshire","Calderdale 011C",5,"e-Rational Utilitarians"
"E01010908","West Yorkshire","Calderdale 015D",6,"e-Mainstream"
"E01010909","West Yorkshire","Calderdale 011D",6,"e-Mainstream"
"E01010910","West Yorkshire","Calderdale 015E",7,"Passive and Uncommitted Users"
"E01010911","West Yorkshire","Calderdale 001A",5,"e-Rational Utilitarians"
"E01010912","West Yorkshire","Calderdale 001B",7,"Passive and Uncommitted Users"
"E01010913","West Yorkshire","Calderdale 001C",8,"Digital Seniors"
"E01010914","West Yorkshire","Calderdale 002A",7,"Passive and Uncommitted Users"
"E01010915","West Yorkshire","Calderdale 001D",6,"e-Mainstream"
"E01010916","West Yorkshire","Calderdale 005A",7,"Passive and Uncommitted Users"
"E01010917","West Yorkshire","Calderdale 007A",5,"e-Rational Utilitarians"
"E01010918","West Yorkshire","Calderdale 007B",5,"e-Rational Utilitarians"
"E01010919","West Yorkshire","Calderdale 007C",8,"Digital Seniors"
"E01010920","West Yorkshire","Calderdale 007D",5,"e-Rational Utilitarians"
"E01010921","West Yorkshire","Calderdale 007E",8,"Digital Seniors"
"E01010922","West Yorkshire","Calderdale 020A",6,"e-Mainstream"
"E01010923","West Yorkshire","Calderdale 004F",3,"e-Veterans"
"E01010924","West Yorkshire","Calderdale 002B",10,"e-Withdrawn"
"E01010925","West Yorkshire","Calderdale 002C",7,"Passive and Uncommitted Users"
"E01010926","West Yorkshire","Calderdale 002D",10,"e-Withdrawn"
"E01010927","West Yorkshire","Calderdale 009A",8,"Digital Seniors"
"E01010928","West Yorkshire","Calderdale 009B",7,"Passive and Uncommitted Users"
"E01010929","West Yorkshire","Calderdale 010A",7,"Passive and Uncommitted Users"
"E01010930","West Yorkshire","Calderdale 010B",10,"e-Withdrawn"
"E01010931","West Yorkshire","Calderdale 003A",8,"Digital Seniors"
"E01010932","West Yorkshire","Calderdale 003B",8,"Digital Seniors"
"E01010933","West Yorkshire","Calderdale 003C",5,"e-Rational Utilitarians"
"E01010934","West Yorkshire","Calderdale 008A",8,"Digital Seniors"
"E01010935","West Yorkshire","Calderdale 003D",8,"Digital Seniors"
"E01010936","West Yorkshire","Calderdale 003E",5,"e-Rational Utilitarians"
"E01010937","West Yorkshire","Calderdale 003F",5,"e-Rational Utilitarians"
"E01010938","West Yorkshire","Calderdale 006A",10,"e-Withdrawn"
"E01010939","West Yorkshire","Calderdale 005B",6,"e-Mainstream"
"E01010940","West Yorkshire","Calderdale 006B",7,"Passive and Uncommitted Users"
"E01010941","West Yorkshire","Calderdale 005C",7,"Passive and Uncommitted Users"
"E01010942","West Yorkshire","Calderdale 005D",7,"Passive and Uncommitted Users"
"E01010943","West Yorkshire","Calderdale 006C",10,"e-Withdrawn"
"E01010944","West Yorkshire","Calderdale 005E",10,"e-Withdrawn"
"E01010945","West Yorkshire","Calderdale 024D",8,"Digital Seniors"
"E01010946","West Yorkshire","Calderdale 023A",5,"e-Rational Utilitarians"
"E01010947","West Yorkshire","Calderdale 023B",5,"e-Rational Utilitarians"
"E01010948","West Yorkshire","Calderdale 024E",7,"Passive and Uncommitted Users"
"E01010949","West Yorkshire","Calderdale 019E",6,"e-Mainstream"
"E01010950","West Yorkshire","Calderdale 023C",7,"Passive and Uncommitted Users"
"E01010951","West Yorkshire","Calderdale 023D",8,"Digital Seniors"
"E01010952","West Yorkshire","Calderdale 027A",5,"e-Rational Utilitarians"
"E01010953","West Yorkshire","Calderdale 027B",5,"e-Rational Utilitarians"
"E01010954","West Yorkshire","Calderdale 027C",3,"e-Veterans"
"E01010955","West Yorkshire","Calderdale 027D",3,"e-Veterans"
"E01010956","West Yorkshire","Calderdale 020B",5,"e-Rational Utilitarians"
"E01010957","West Yorkshire","Calderdale 027E",5,"e-Rational Utilitarians"
"E01010958","West Yorkshire","Calderdale 020C",10,"e-Withdrawn"
"E01010959","West Yorkshire","Calderdale 020D",8,"Digital Seniors"
"E01010960","West Yorkshire","Calderdale 012A",10,"e-Withdrawn"
"E01010961","West Yorkshire","Calderdale 006D",7,"Passive and Uncommitted Users"
"E01010964","West Yorkshire","Calderdale 012B",10,"e-Withdrawn"
"E01010965","West Yorkshire","Calderdale 012C",10,"e-Withdrawn"
"E01010966","West Yorkshire","Calderdale 012D",10,"e-Withdrawn"
"E01010967","West Yorkshire","Calderdale 008D",10,"e-Withdrawn"
"E01010968","West Yorkshire","Calderdale 021A",3,"e-Veterans"
"E01010969","West Yorkshire","Calderdale 016A",3,"e-Veterans"
"E01010970","West Yorkshire","Calderdale 016B",6,"e-Mainstream"
"E01010971","West Yorkshire","Calderdale 021B",5,"e-Rational Utilitarians"
"E01010972","West Yorkshire","Calderdale 021C",3,"e-Veterans"
"E01010973","West Yorkshire","Calderdale 021D",8,"Digital Seniors"
"E01010974","West Yorkshire","Calderdale 016C",10,"e-Withdrawn"
"E01010975","West Yorkshire","Calderdale 017A",7,"Passive and Uncommitted Users"
"E01010976","West Yorkshire","Calderdale 017B",5,"e-Rational Utilitarians"
"E01010977","West Yorkshire","Calderdale 016D",8,"Digital Seniors"
"E01010978","West Yorkshire","Calderdale 017C",6,"e-Mainstream"
"E01010979","West Yorkshire","Calderdale 017D",7,"Passive and Uncommitted Users"
"E01010980","West Yorkshire","Calderdale 017E",7,"Passive and Uncommitted Users"
"E01010981","West Yorkshire","Calderdale 017F",6,"e-Mainstream"
"E01010982","West Yorkshire","Calderdale 013A",5,"e-Rational Utilitarians"
"E01010983","West Yorkshire","Calderdale 013B",4,"Youthful Urban Fringe"
"E01010984","West Yorkshire","Calderdale 022D",6,"e-Mainstream"
"E01010985","West Yorkshire","Calderdale 013C",6,"e-Mainstream"
"E01010986","West Yorkshire","Calderdale 013D",6,"e-Mainstream"
"E01010987","West Yorkshire","Calderdale 013E",6,"e-Mainstream"
"E01010988","West Yorkshire","Calderdale 013F",7,"Passive and Uncommitted Users"
"E01010989","West Yorkshire","Calderdale 018A",6,"e-Mainstream"
"E01010990","West Yorkshire","Calderdale 018B",8,"Digital Seniors"
"E01010991","West Yorkshire","Calderdale 018C",8,"Digital Seniors"
"E01010992","West Yorkshire","Calderdale 018D",6,"e-Mainstream"
"E01010993","West Yorkshire","Calderdale 018E",7,"Passive and Uncommitted Users"
"E01010994","West Yorkshire","Calderdale 008E",10,"e-Withdrawn"
"E01010995","West Yorkshire","Calderdale 012E",10,"e-Withdrawn"
"E01010996","West Yorkshire","Calderdale 014A",10,"e-Withdrawn"
"E01010997","West Yorkshire","Calderdale 009C",8,"Digital Seniors"
"E01010998","West Yorkshire","Calderdale 010C",7,"Passive and Uncommitted Users"
"E01010999","West Yorkshire","Calderdale 009D",8,"Digital Seniors"
"E01011000","West Yorkshire","Calderdale 010D",10,"e-Withdrawn"
"E01011001","West Yorkshire","Calderdale 014B",10,"e-Withdrawn"
"E01011002","West Yorkshire","Calderdale 014C",7,"Passive and Uncommitted Users"
"E01011003","West Yorkshire","Calderdale 014D",10,"e-Withdrawn"
"E01011004","West Yorkshire","Kirklees 040A",10,"e-Withdrawn"
"E01011005","West Yorkshire","Kirklees 044A",8,"Digital Seniors"
"E01011006","West Yorkshire","Kirklees 040B",6,"e-Mainstream"
"E01011007","West Yorkshire","Kirklees 042A",2,"e-Professionals"
"E01011008","West Yorkshire","Kirklees 040C",4,"Youthful Urban Fringe"
"E01011009","West Yorkshire","Kirklees 044B",8,"Digital Seniors"
"E01011010","West Yorkshire","Kirklees 044C",7,"Passive and Uncommitted Users"
"E01011011","West Yorkshire","Kirklees 044D",5,"e-Rational Utilitarians"
"E01011012","West Yorkshire","Kirklees 040D",6,"e-Mainstream"
"E01011013","West Yorkshire","Kirklees 007A",9,"Settled Offline Communities"
"E01011014","West Yorkshire","Kirklees 007B",7,"Passive and Uncommitted Users"
"E01011015","West Yorkshire","Kirklees 010A",10,"e-Withdrawn"
"E01011016","West Yorkshire","Kirklees 013A",10,"e-Withdrawn"
"E01011017","West Yorkshire","Kirklees 013B",10,"e-Withdrawn"
"E01011018","West Yorkshire","Kirklees 013C",10,"e-Withdrawn"
"E01011019","West Yorkshire","Kirklees 013D",10,"e-Withdrawn"
"E01011020","West Yorkshire","Kirklees 013E",10,"e-Withdrawn"
"E01011021","West Yorkshire","Kirklees 014A",6,"e-Mainstream"
"E01011022","West Yorkshire","Kirklees 014B",6,"e-Mainstream"
"E01011023","West Yorkshire","Kirklees 007C",7,"Passive and Uncommitted Users"
"E01011024","West Yorkshire","Kirklees 007D",7,"Passive and Uncommitted Users"
"E01011025","West Yorkshire","Kirklees 016A",7,"Passive and Uncommitted Users"
"E01011026","West Yorkshire","Kirklees 016B",7,"Passive and Uncommitted Users"
"E01011027","West Yorkshire","Kirklees 006A",7,"Passive and Uncommitted Users"
"E01011028","West Yorkshire","Kirklees 006B",7,"Passive and Uncommitted Users"
"E01011029","West Yorkshire","Kirklees 010B",10,"e-Withdrawn"
"E01011030","West Yorkshire","Kirklees 006C",7,"Passive and Uncommitted Users"
"E01011031","West Yorkshire","Kirklees 006D",7,"Passive and Uncommitted Users"
"E01011032","West Yorkshire","Kirklees 010C",10,"e-Withdrawn"
"E01011033","West Yorkshire","Kirklees 012A",7,"Passive and Uncommitted Users"
"E01011034","West Yorkshire","Kirklees 010D",10,"e-Withdrawn"
"E01011035","West Yorkshire","Kirklees 012B",10,"e-Withdrawn"
"E01011036","West Yorkshire","Kirklees 012C",10,"e-Withdrawn"
"E01011037","West Yorkshire","Kirklees 012D",7,"Passive and Uncommitted Users"
"E01011038","West Yorkshire","Kirklees 029A",10,"e-Withdrawn"
"E01011039","West Yorkshire","Kirklees 027A",7,"Passive and Uncommitted Users"
"E01011040","West Yorkshire","Kirklees 031A",4,"Youthful Urban Fringe"
"E01011041","West Yorkshire","Kirklees 029B",7,"Passive and Uncommitted Users"
"E01011042","West Yorkshire","Kirklees 027B",3,"e-Veterans"
"E01011043","West Yorkshire","Kirklees 031B",7,"Passive and Uncommitted Users"
"E01011044","West Yorkshire","Kirklees 031C",7,"Passive and Uncommitted Users"
"E01011045","West Yorkshire","Kirklees 031D",10,"e-Withdrawn"
"E01011046","West Yorkshire","Kirklees 022A",3,"e-Veterans"
"E01011047","West Yorkshire","Kirklees 027C",5,"e-Rational Utilitarians"
"E01011048","West Yorkshire","Kirklees 002A",7,"Passive and Uncommitted Users"
"E01011049","West Yorkshire","Kirklees 002B",7,"Passive and Uncommitted Users"
"E01011050","West Yorkshire","Kirklees 002C",8,"Digital Seniors"
"E01011051","West Yorkshire","Kirklees 001A",6,"e-Mainstream"
"E01011052","West Yorkshire","Kirklees 002D",6,"e-Mainstream"
"E01011053","West Yorkshire","Kirklees 002E",8,"Digital Seniors"
"E01011054","West Yorkshire","Kirklees 006E",8,"Digital Seniors"
"E01011055","West Yorkshire","Kirklees 001B",6,"e-Mainstream"
"E01011056","West Yorkshire","Kirklees 001C",8,"Digital Seniors"
"E01011057","West Yorkshire","Kirklees 001D",5,"e-Rational Utilitarians"
"E01011058","West Yorkshire","Kirklees 001E",8,"Digital Seniors"
"E01011059","West Yorkshire","Kirklees 002F",10,"e-Withdrawn"
"E01011060","West Yorkshire","Kirklees 005A",7,"Passive and Uncommitted Users"
"E01011061","West Yorkshire","Kirklees 005B",7,"Passive and Uncommitted Users"
"E01011062","West Yorkshire","Kirklees 003A",6,"e-Mainstream"
"E01011063","West Yorkshire","Kirklees 005C",6,"e-Mainstream"
"E01011064","West Yorkshire","Kirklees 003B",7,"Passive and Uncommitted Users"
"E01011065","West Yorkshire","Kirklees 005D",6,"e-Mainstream"
"E01011066","West Yorkshire","Kirklees 005E",6,"e-Mainstream"
"E01011067","West Yorkshire","Kirklees 008A",8,"Digital Seniors"
"E01011068","West Yorkshire","Kirklees 003C",6,"e-Mainstream"
"E01011069","West Yorkshire","Kirklees 003D",8,"Digital Seniors"
"E01011070","West Yorkshire","Kirklees 052A",5,"e-Rational Utilitarians"
"E01011071","West Yorkshire","Kirklees 049A",5,"e-Rational Utilitarians"
"E01011072","West Yorkshire","Kirklees 049B",6,"e-Mainstream"
"E01011073","West Yorkshire","Kirklees 049C",7,"Passive and Uncommitted Users"
"E01011074","West Yorkshire","Kirklees 052B",5,"e-Rational Utilitarians"
"E01011075","West Yorkshire","Kirklees 052C",8,"Digital Seniors"
"E01011076","West Yorkshire","Kirklees 052D",6,"e-Mainstream"
"E01011077","West Yorkshire","Kirklees 045A",6,"e-Mainstream"
"E01011078","West Yorkshire","Kirklees 049D",6,"e-Mainstream"
"E01011079","West Yorkshire","Kirklees 047A",7,"Passive and Uncommitted Users"
"E01011080","West Yorkshire","Kirklees 043A",10,"e-Withdrawn"
"E01011081","West Yorkshire","Kirklees 043B",7,"Passive and Uncommitted Users"
"E01011082","West Yorkshire","Kirklees 043C",10,"e-Withdrawn"
"E01011083","West Yorkshire","Kirklees 047B",7,"Passive and Uncommitted Users"
"E01011084","West Yorkshire","Kirklees 047C",10,"e-Withdrawn"
"E01011085","West Yorkshire","Kirklees 047D",7,"Passive and Uncommitted Users"
"E01011086","West Yorkshire","Kirklees 050A",8,"Digital Seniors"
"E01011087","West Yorkshire","Kirklees 050B",8,"Digital Seniors"
"E01011088","West Yorkshire","Kirklees 050C",8,"Digital Seniors"
"E01011089","West Yorkshire","Kirklees 032A",7,"Passive and Uncommitted Users"
"E01011090","West Yorkshire","Kirklees 037A",7,"Passive and Uncommitted Users"
"E01011091","West Yorkshire","Kirklees 032B",5,"e-Rational Utilitarians"
"E01011092","West Yorkshire","Kirklees 032C",5,"e-Rational Utilitarians"
"E01011093","West Yorkshire","Kirklees 035A",10,"e-Withdrawn"
"E01011094","West Yorkshire","Kirklees 035B",10,"e-Withdrawn"
"E01011095","West Yorkshire","Kirklees 037B",7,"Passive and Uncommitted Users"
"E01011096","West Yorkshire","Kirklees 035C",7,"Passive and Uncommitted Users"
"E01011097","West Yorkshire","Kirklees 037C",7,"Passive and Uncommitted Users"
"E01011098","West Yorkshire","Kirklees 035D",4,"Youthful Urban Fringe"
"E01011099","West Yorkshire","Kirklees 037D",7,"Passive and Uncommitted Users"
"E01011100","West Yorkshire","Kirklees 022B",7,"Passive and Uncommitted Users"
"E01011101","West Yorkshire","Kirklees 025A",10,"e-Withdrawn"
"E01011102","West Yorkshire","Kirklees 022C",3,"e-Veterans"
"E01011103","West Yorkshire","Kirklees 025B",10,"e-Withdrawn"
"E01011104","West Yorkshire","Kirklees 025C",7,"Passive and Uncommitted Users"
"E01011105","West Yorkshire","Kirklees 025D",7,"Passive and Uncommitted Users"
"E01011106","West Yorkshire","Kirklees 029C",7,"Passive and Uncommitted Users"
"E01011107","West Yorkshire","Kirklees 029D",7,"Passive and Uncommitted Users"
"E01011108","West Yorkshire","Kirklees 022D",6,"e-Mainstream"
"E01011109","West Yorkshire","Kirklees 054A",5,"e-Rational Utilitarians"
"E01011110","West Yorkshire","Kirklees 057A",5,"e-Rational Utilitarians"
"E01011111","West Yorkshire","Kirklees 057B",6,"e-Mainstream"
"E01011112","West Yorkshire","Kirklees 057C",5,"e-Rational Utilitarians"
"E01011113","West Yorkshire","Kirklees 054B",5,"e-Rational Utilitarians"
"E01011114","West Yorkshire","Kirklees 054C",7,"Passive and Uncommitted Users"
"E01011115","West Yorkshire","Kirklees 057D",5,"e-Rational Utilitarians"
"E01011116","West Yorkshire","Kirklees 057E",5,"e-Rational Utilitarians"
"E01011117","West Yorkshire","Kirklees 057F",5,"e-Rational Utilitarians"
"E01011118","West Yorkshire","Kirklees 056A",3,"e-Veterans"
"E01011119","West Yorkshire","Kirklees 054D",8,"Digital Seniors"
"E01011120","West Yorkshire","Kirklees 056B",3,"e-Veterans"
"E01011121","West Yorkshire","Kirklees 018A",7,"Passive and Uncommitted Users"
"E01011122","West Yorkshire","Kirklees 018B",10,"e-Withdrawn"
"E01011123","West Yorkshire","Kirklees 018C",7,"Passive and Uncommitted Users"
"E01011124","West Yorkshire","Kirklees 018D",6,"e-Mainstream"
"E01011125","West Yorkshire","Kirklees 018E",7,"Passive and Uncommitted Users"
"E01011126","West Yorkshire","Kirklees 014C",10,"e-Withdrawn"
"E01011127","West Yorkshire","Kirklees 014D",8,"Digital Seniors"
"E01011128","West Yorkshire","Kirklees 017A",10,"e-Withdrawn"
"E01011129","West Yorkshire","Kirklees 018F",6,"e-Mainstream"
"E01011130","West Yorkshire","Kirklees 017B",10,"e-Withdrawn"
"E01011132","West Yorkshire","Kirklees 020A",5,"e-Rational Utilitarians"
"E01011133","West Yorkshire","Kirklees 023A",10,"e-Withdrawn"
"E01011134","West Yorkshire","Kirklees 023B",10,"e-Withdrawn"
"E01011136","West Yorkshire","Kirklees 016C",7,"Passive and Uncommitted Users"
"E01011137","West Yorkshire","Kirklees 016D",7,"Passive and Uncommitted Users"
"E01011138","West Yorkshire","Kirklees 019A",10,"e-Withdrawn"
"E01011139","West Yorkshire","Kirklees 019B",10,"e-Withdrawn"
"E01011140","West Yorkshire","Kirklees 019C",10,"e-Withdrawn"
"E01011141","West Yorkshire","Kirklees 019D",10,"e-Withdrawn"
"E01011142","West Yorkshire","Kirklees 020B",6,"e-Mainstream"
"E01011143","West Yorkshire","Kirklees 023C",10,"e-Withdrawn"
"E01011144","West Yorkshire","Kirklees 023D",10,"e-Withdrawn"
"E01011145","West Yorkshire","Kirklees 041A",8,"Digital Seniors"
"E01011146","West Yorkshire","Kirklees 036A",5,"e-Rational Utilitarians"
"E01011147","West Yorkshire","Kirklees 041B",6,"e-Mainstream"
"E01011148","West Yorkshire","Kirklees 041C",10,"e-Withdrawn"
"E01011149","West Yorkshire","Kirklees 045B",6,"e-Mainstream"
"E01011150","West Yorkshire","Kirklees 038A",6,"e-Mainstream"
"E01011151","West Yorkshire","Kirklees 036B",3,"e-Veterans"
"E01011152","West Yorkshire","Kirklees 041D",3,"e-Veterans"
"E01011153","West Yorkshire","Kirklees 045C",6,"e-Mainstream"
"E01011154","West Yorkshire","Kirklees 045D",6,"e-Mainstream"
"E01011155","West Yorkshire","Kirklees 038B",3,"e-Veterans"
"E01011156","West Yorkshire","Kirklees 015A",8,"Digital Seniors"
"E01011157","West Yorkshire","Kirklees 011A",7,"Passive and Uncommitted Users"
"E01011158","West Yorkshire","Kirklees 015B",6,"e-Mainstream"
"E01011159","West Yorkshire","Kirklees 015C",5,"e-Rational Utilitarians"
"E01011160","West Yorkshire","Kirklees 015D",3,"e-Veterans"
"E01011161","West Yorkshire","Kirklees 011B",6,"e-Mainstream"
"E01011162","West Yorkshire","Kirklees 015E",8,"Digital Seniors"
"E01011163","West Yorkshire","Kirklees 011C",10,"e-Withdrawn"
"E01011164","West Yorkshire","Kirklees 011D",7,"Passive and Uncommitted Users"
"E01011165","West Yorkshire","Kirklees 011E",7,"Passive and Uncommitted Users"
"E01011166","West Yorkshire","Kirklees 011F",7,"Passive and Uncommitted Users"
"E01011167","West Yorkshire","Kirklees 011G",10,"e-Withdrawn"
"E01011168","West Yorkshire","Kirklees 055A",5,"e-Rational Utilitarians"
"E01011169","West Yorkshire","Kirklees 053A",5,"e-Rational Utilitarians"
"E01011170","West Yorkshire","Kirklees 053B",5,"e-Rational Utilitarians"
"E01011171","West Yorkshire","Kirklees 053C",3,"e-Veterans"
"E01011172","West Yorkshire","Kirklees 053D",10,"e-Withdrawn"
"E01011173","West Yorkshire","Kirklees 053E",5,"e-Rational Utilitarians"
"E01011174","West Yorkshire","Kirklees 055B",5,"e-Rational Utilitarians"
"E01011175","West Yorkshire","Kirklees 055C",7,"Passive and Uncommitted Users"
"E01011176","West Yorkshire","Kirklees 053F",5,"e-Rational Utilitarians"
"E01011177","West Yorkshire","Kirklees 055D",5,"e-Rational Utilitarians"
"E01011178","West Yorkshire","Kirklees 055E",7,"Passive and Uncommitted Users"
"E01011179","West Yorkshire","Kirklees 059A",5,"e-Rational Utilitarians"
"E01011180","West Yorkshire","Kirklees 058A",5,"e-Rational Utilitarians"
"E01011181","West Yorkshire","Kirklees 059B",3,"e-Veterans"
"E01011182","West Yorkshire","Kirklees 058B",5,"e-Rational Utilitarians"
"E01011183","West Yorkshire","Kirklees 059C",3,"e-Veterans"
"E01011184","West Yorkshire","Kirklees 059D",8,"Digital Seniors"
"E01011185","West Yorkshire","Kirklees 059E",5,"e-Rational Utilitarians"
"E01011186","West Yorkshire","Kirklees 058C",5,"e-Rational Utilitarians"
"E01011187","West Yorkshire","Kirklees 059F",5,"e-Rational Utilitarians"
"E01011188","West Yorkshire","Kirklees 058D",5,"e-Rational Utilitarians"
"E01011189","West Yorkshire","Kirklees 059G",5,"e-Rational Utilitarians"
"E01011190","West Yorkshire","Kirklees 051A",5,"e-Rational Utilitarians"
"E01011191","West Yorkshire","Kirklees 046A",8,"Digital Seniors"
"E01011192","West Yorkshire","Kirklees 046B",8,"Digital Seniors"
"E01011193","West Yorkshire","Kirklees 046C",5,"e-Rational Utilitarians"
"E01011194","West Yorkshire","Kirklees 046D",8,"Digital Seniors"
"E01011195","West Yorkshire","Kirklees 051B",3,"e-Veterans"
"E01011196","West Yorkshire","Kirklees 051C",5,"e-Rational Utilitarians"
"E01011197","West Yorkshire","Kirklees 051D",6,"e-Mainstream"
"E01011198","West Yorkshire","Kirklees 056C",5,"e-Rational Utilitarians"
"E01011199","West Yorkshire","Kirklees 056D",5,"e-Rational Utilitarians"
"E01011200","West Yorkshire","Kirklees 032D",3,"e-Veterans"
"E01011201","West Yorkshire","Kirklees 030A",6,"e-Mainstream"
"E01011202","West Yorkshire","Kirklees 036C",8,"Digital Seniors"
"E01011203","West Yorkshire","Kirklees 030B",6,"e-Mainstream"
"E01011204","West Yorkshire","Kirklees 033A",3,"e-Veterans"
"E01011205","West Yorkshire","Kirklees 036D",3,"e-Veterans"
"E01011206","West Yorkshire","Kirklees 033B",6,"e-Mainstream"
"E01011207","West Yorkshire","Kirklees 038C",6,"e-Mainstream"
"E01011208","West Yorkshire","Kirklees 033C",6,"e-Mainstream"
"E01011209","West Yorkshire","Kirklees 030C",6,"e-Mainstream"
"E01011210","West Yorkshire","Kirklees 027D",3,"e-Veterans"
"E01011211","West Yorkshire","Kirklees 030D",8,"Digital Seniors"
"E01011212","West Yorkshire","Kirklees 026A",7,"Passive and Uncommitted Users"
"E01011213","West Yorkshire","Kirklees 026B",8,"Digital Seniors"
"E01011214","West Yorkshire","Kirklees 026C",5,"e-Rational Utilitarians"
"E01011215","West Yorkshire","Kirklees 026D",6,"e-Mainstream"
"E01011216","West Yorkshire","Kirklees 021A",5,"e-Rational Utilitarians"
"E01011217","West Yorkshire","Kirklees 020C",9,"Settled Offline Communities"
"E01011218","West Yorkshire","Kirklees 020D",7,"Passive and Uncommitted Users"
"E01011219","West Yorkshire","Kirklees 021B",6,"e-Mainstream"
"E01011220","West Yorkshire","Kirklees 021C",7,"Passive and Uncommitted Users"
"E01011221","West Yorkshire","Kirklees 021D",6,"e-Mainstream"
"E01011222","West Yorkshire","Kirklees 050D",7,"Passive and Uncommitted Users"
"E01011223","West Yorkshire","Kirklees 042B",6,"e-Mainstream"
"E01011224","West Yorkshire","Kirklees 048A",7,"Passive and Uncommitted Users"
"E01011225","West Yorkshire","Kirklees 042C",4,"Youthful Urban Fringe"
"E01011226","West Yorkshire","Kirklees 048B",6,"e-Mainstream"
"E01011227","West Yorkshire","Kirklees 048C",10,"e-Withdrawn"
"E01011228","West Yorkshire","Kirklees 048D",6,"e-Mainstream"
"E01011229","West Yorkshire","Kirklees 042D",1,"e-Cultural Creators"
"E01011230","West Yorkshire","Kirklees 043D",10,"e-Withdrawn"
"E01011231","West Yorkshire","Kirklees 034A",6,"e-Mainstream"
"E01011232","West Yorkshire","Kirklees 039A",7,"Passive and Uncommitted Users"
"E01011233","West Yorkshire","Kirklees 039B",6,"e-Mainstream"
"E01011234","West Yorkshire","Kirklees 038D",7,"Passive and Uncommitted Users"
"E01011235","West Yorkshire","Kirklees 039C",7,"Passive and Uncommitted Users"
"E01011236","West Yorkshire","Kirklees 034B",4,"Youthful Urban Fringe"
"E01011237","West Yorkshire","Kirklees 039D",7,"Passive and Uncommitted Users"
"E01011238","West Yorkshire","Kirklees 034C",4,"Youthful Urban Fringe"
"E01011239","West Yorkshire","Kirklees 034D",3,"e-Veterans"
"E01011240","West Yorkshire","Kirklees 033D",7,"Passive and Uncommitted Users"
"E01011241","West Yorkshire","Kirklees 004A",5,"e-Rational Utilitarians"
"E01011242","West Yorkshire","Kirklees 004B",7,"Passive and Uncommitted Users"
"E01011243","West Yorkshire","Kirklees 004C",6,"e-Mainstream"
"E01011244","West Yorkshire","Kirklees 004D",6,"e-Mainstream"
"E01011245","West Yorkshire","Kirklees 009A",8,"Digital Seniors"
"E01011246","West Yorkshire","Kirklees 009B",7,"Passive and Uncommitted Users"
"E01011247","West Yorkshire","Kirklees 008B",6,"e-Mainstream"
"E01011248","West Yorkshire","Kirklees 009C",7,"Passive and Uncommitted Users"
"E01011249","West Yorkshire","Kirklees 008C",7,"Passive and Uncommitted Users"
"E01011250","West Yorkshire","Kirklees 009D",7,"Passive and Uncommitted Users"
"E01011251","West Yorkshire","Kirklees 008D",7,"Passive and Uncommitted Users"
"E01011252","West Yorkshire","Kirklees 028A",5,"e-Rational Utilitarians"
"E01011253","West Yorkshire","Kirklees 028B",7,"Passive and Uncommitted Users"
"E01011254","West Yorkshire","Kirklees 028C",8,"Digital Seniors"
"E01011255","West Yorkshire","Kirklees 028D",10,"e-Withdrawn"
"E01011256","West Yorkshire","Kirklees 028E",7,"Passive and Uncommitted Users"
"E01011257","West Yorkshire","Kirklees 024A",10,"e-Withdrawn"
"E01011258","West Yorkshire","Kirklees 024B",10,"e-Withdrawn"
"E01011259","West Yorkshire","Kirklees 024C",10,"e-Withdrawn"
"E01011260","West Yorkshire","Kirklees 023E",7,"Passive and Uncommitted Users"
"E01011261","West Yorkshire","Kirklees 024D",10,"e-Withdrawn"
"E01011262","West Yorkshire","Kirklees 024E",10,"e-Withdrawn"
"E01011263","West Yorkshire","Kirklees 024F",7,"Passive and Uncommitted Users"
"E01011264","West Yorkshire","Leeds 011A",9,"Settled Offline Communities"
"E01011265","West Yorkshire","Leeds 009A",6,"e-Mainstream"
"E01011266","West Yorkshire","Leeds 008A",3,"e-Veterans"
"E01011267","West Yorkshire","Leeds 009B",7,"Passive and Uncommitted Users"
"E01011268","West Yorkshire","Leeds 010A",7,"Passive and Uncommitted Users"
"E01011269","West Yorkshire","Leeds 011B",7,"Passive and Uncommitted Users"
"E01011270","West Yorkshire","Leeds 008B",5,"e-Rational Utilitarians"
"E01011271","West Yorkshire","Leeds 009C",5,"e-Rational Utilitarians"
"E01011272","West Yorkshire","Leeds 009D",5,"e-Rational Utilitarians"
"E01011273","West Yorkshire","Leeds 010B",6,"e-Mainstream"
"E01011274","West Yorkshire","Leeds 010C",7,"Passive and Uncommitted Users"
"E01011275","West Yorkshire","Leeds 010D",8,"Digital Seniors"
"E01011276","West Yorkshire","Leeds 011C",5,"e-Rational Utilitarians"
"E01011277","West Yorkshire","Leeds 014A",3,"e-Veterans"
"E01011278","West Yorkshire","Leeds 014B",3,"e-Veterans"
"E01011279","West Yorkshire","Leeds 008C",5,"e-Rational Utilitarians"
"E01011280","West Yorkshire","Leeds 008D",5,"e-Rational Utilitarians"
"E01011281","West Yorkshire","Leeds 059A",6,"e-Mainstream"
"E01011282","West Yorkshire","Leeds 059B",7,"Passive and Uncommitted Users"
"E01011283","West Yorkshire","Leeds 059C",7,"Passive and Uncommitted Users"
"E01011284","West Yorkshire","Leeds 071A",4,"Youthful Urban Fringe"
"E01011286","West Yorkshire","Leeds 059D",6,"e-Mainstream"
"E01011287","West Yorkshire","Leeds 067B",7,"Passive and Uncommitted Users"
"E01011292","West Yorkshire","Leeds 071B",10,"e-Withdrawn"
"E01011293","West Yorkshire","Leeds 071C",10,"e-Withdrawn"
"E01011294","West Yorkshire","Leeds 071D",10,"e-Withdrawn"
"E01011295","West Yorkshire","Leeds 059E",7,"Passive and Uncommitted Users"
"E01011296","West Yorkshire","Leeds 030A",8,"Digital Seniors"
"E01011297","West Yorkshire","Leeds 030B",5,"e-Rational Utilitarians"
"E01011298","West Yorkshire","Leeds 088A",6,"e-Mainstream"
"E01011299","West Yorkshire","Leeds 088B",6,"e-Mainstream"
"E01011300","West Yorkshire","Leeds 089A",7,"Passive and Uncommitted Users"
"E01011301","West Yorkshire","Leeds 089B",5,"e-Rational Utilitarians"
"E01011302","West Yorkshire","Leeds 088C",9,"Settled Offline Communities"
"E01011303","West Yorkshire","Leeds 088D",8,"Digital Seniors"
"E01011304","West Yorkshire","Leeds 089C",7,"Passive and Uncommitted Users"
"E01011305","West Yorkshire","Leeds 089D",6,"e-Mainstream"
"E01011306","West Yorkshire","Leeds 089E",6,"e-Mainstream"
"E01011307","West Yorkshire","Leeds 103A",7,"Passive and Uncommitted Users"
"E01011308","West Yorkshire","Leeds 103B",7,"Passive and Uncommitted Users"
"E01011309","West Yorkshire","Leeds 030C",5,"e-Rational Utilitarians"
"E01011310","West Yorkshire","Leeds 030D",5,"e-Rational Utilitarians"
"E01011311","West Yorkshire","Leeds 022A",3,"e-Veterans"
"E01011312","West Yorkshire","Leeds 086A",10,"e-Withdrawn"
"E01011313","West Yorkshire","Leeds 091A",4,"Youthful Urban Fringe"
"E01011314","West Yorkshire","Leeds 091B",6,"e-Mainstream"
"E01011315","West Yorkshire","Leeds 090A",8,"Digital Seniors"
"E01011316","West Yorkshire","Leeds 086B",10,"e-Withdrawn"
"E01011317","West Yorkshire","Leeds 090B",10,"e-Withdrawn"
"E01011318","West Yorkshire","Leeds 090C",10,"e-Withdrawn"
"E01011319","West Yorkshire","Leeds 091C",7,"Passive and Uncommitted Users"
"E01011320","West Yorkshire","Leeds 091D",7,"Passive and Uncommitted Users"
"E01011321","West Yorkshire","Leeds 090D",7,"Passive and Uncommitted Users"
"E01011322","West Yorkshire","Leeds 091E",7,"Passive and Uncommitted Users"
"E01011323","West Yorkshire","Leeds 051A",7,"Passive and Uncommitted Users"
"E01011324","West Yorkshire","Leeds 046A",4,"Youthful Urban Fringe"
"E01011325","West Yorkshire","Leeds 046B",6,"e-Mainstream"
"E01011326","West Yorkshire","Leeds 046C",7,"Passive and Uncommitted Users"
"E01011327","West Yorkshire","Leeds 052A",6,"e-Mainstream"
"E01011328","West Yorkshire","Leeds 052B",7,"Passive and Uncommitted Users"
"E01011329","West Yorkshire","Leeds 051B",6,"e-Mainstream"
"E01011330","West Yorkshire","Leeds 051C",7,"Passive and Uncommitted Users"
"E01011331","West Yorkshire","Leeds 058A",6,"e-Mainstream"
"E01011332","West Yorkshire","Leeds 046D",7,"Passive and Uncommitted Users"
"E01011333","West Yorkshire","Leeds 051D",7,"Passive and Uncommitted Users"
"E01011334","West Yorkshire","Leeds 058B",6,"e-Mainstream"
"E01011335","West Yorkshire","Leeds 052C",6,"e-Mainstream"
"E01011336","West Yorkshire","Leeds 058C",10,"e-Withdrawn"
"E01011337","West Yorkshire","Leeds 058D",7,"Passive and Uncommitted Users"
"E01011338","West Yorkshire","Leeds 064A",10,"e-Withdrawn"
"E01011339","West Yorkshire","Leeds 060A",10,"e-Withdrawn"
"E01011340","West Yorkshire","Leeds 060B",10,"e-Withdrawn"
"E01011341","West Yorkshire","Leeds 061A",7,"Passive and Uncommitted Users"
"E01011342","West Yorkshire","Leeds 060C",10,"e-Withdrawn"
"E01011343","West Yorkshire","Leeds 061B",7,"Passive and Uncommitted Users"
"E01011344","West Yorkshire","Leeds 065A",7,"Passive and Uncommitted Users"
"E01011345","West Yorkshire","Leeds 061C",7,"Passive and Uncommitted Users"
"E01011346","West Yorkshire","Leeds 060D",10,"e-Withdrawn"
"E01011347","West Yorkshire","Leeds 065B",7,"Passive and Uncommitted Users"
"E01011348","West Yorkshire","Leeds 065C",10,"e-Withdrawn"
"E01011349","West Yorkshire","Leeds 065D",10,"e-Withdrawn"
"E01011350","West Yorkshire","Leeds 034A",3,"e-Veterans"
"E01011351","West Yorkshire","Leeds 034B",2,"e-Professionals"
"E01011352","West Yorkshire","Leeds 034C",2,"e-Professionals"
"E01011353","West Yorkshire","Leeds 034D",3,"e-Veterans"
"E01011354","West Yorkshire","Leeds 038A",7,"Passive and Uncommitted Users"
"E01011355","West Yorkshire","Leeds 038B",7,"Passive and Uncommitted Users"
"E01011356","West Yorkshire","Leeds 042A",3,"e-Veterans"
"E01011357","West Yorkshire","Leeds 038C",10,"e-Withdrawn"
"E01011358","West Yorkshire","Leeds 042B",7,"Passive and Uncommitted Users"
"E01011359","West Yorkshire","Leeds 042C",4,"Youthful Urban Fringe"
"E01011360","West Yorkshire","Leeds 042D",10,"e-Withdrawn"
"E01011361","West Yorkshire","Leeds 042E",10,"e-Withdrawn"
"E01011362","West Yorkshire","Leeds 081A",7,"Passive and Uncommitted Users"
"E01011363","West Yorkshire","Leeds 071E",10,"e-Withdrawn"
"E01011364","West Yorkshire","Leeds 085A",10,"e-Withdrawn"
"E01011366","West Yorkshire","Leeds 082A",10,"e-Withdrawn"
"E01011368","West Yorkshire","Leeds 082C",10,"e-Withdrawn"
"E01011369","West Yorkshire","Leeds 090E",10,"e-Withdrawn"
"E01011370","West Yorkshire","Leeds 082D",7,"Passive and Uncommitted Users"
"E01011371","West Yorkshire","Leeds 085B",10,"e-Withdrawn"
"E01011372","West Yorkshire","Leeds 086C",10,"e-Withdrawn"
"E01011373","West Yorkshire","Leeds 085C",10,"e-Withdrawn"
"E01011374","West Yorkshire","Leeds 085D",7,"Passive and Uncommitted Users"
"E01011375","West Yorkshire","Leeds 086D",10,"e-Withdrawn"
"E01011376","West Yorkshire","Leeds 013A",5,"e-Rational Utilitarians"
"E01011377","West Yorkshire","Leeds 013B",8,"Digital Seniors"
"E01011378","West Yorkshire","Leeds 013C",7,"Passive and Uncommitted Users"
"E01011379","West Yorkshire","Leeds 017A",7,"Passive and Uncommitted Users"
"E01011380","West Yorkshire","Leeds 016A",5,"e-Rational Utilitarians"
"E01011381","West Yorkshire","Leeds 016B",3,"e-Veterans"
"E01011382","West Yorkshire","Leeds 013D",6,"e-Mainstream"
"E01011383","West Yorkshire","Leeds 019A",6,"e-Mainstream"
"E01011384","West Yorkshire","Leeds 017B",6,"e-Mainstream"
"E01011385","West Yorkshire","Leeds 016C",5,"e-Rational Utilitarians"
"E01011386","West Yorkshire","Leeds 016D",3,"e-Veterans"
"E01011388","West Yorkshire","Leeds 019B",6,"e-Mainstream"
"E01011390","West Yorkshire","Leeds 087A",7,"Passive and Uncommitted Users"
"E01011391","West Yorkshire","Leeds 087B",9,"Settled Offline Communities"
"E01011392","West Yorkshire","Leeds 087C",9,"Settled Offline Communities"
"E01011393","West Yorkshire","Leeds 103C",5,"e-Rational Utilitarians"
"E01011394","West Yorkshire","Leeds 103D",8,"Digital Seniors"
"E01011395","West Yorkshire","Leeds 103E",3,"e-Veterans"
"E01011396","West Yorkshire","Leeds 074A",6,"e-Mainstream"
"E01011397","West Yorkshire","Leeds 077A",6,"e-Mainstream"
"E01011398","West Yorkshire","Leeds 077B",3,"e-Veterans"
"E01011399","West Yorkshire","Leeds 074B",8,"Digital Seniors"
"E01011400","West Yorkshire","Leeds 074C",8,"Digital Seniors"
"E01011401","West Yorkshire","Leeds 077C",5,"e-Rational Utilitarians"
"E01011402","West Yorkshire","Leeds 087D",9,"Settled Offline Communities"
"E01011403","West Yorkshire","Leeds 074D",9,"Settled Offline Communities"
"E01011404","West Yorkshire","Leeds 077D",5,"e-Rational Utilitarians"
"E01011405","West Yorkshire","Leeds 077E",9,"Settled Offline Communities"
"E01011406","West Yorkshire","Leeds 057A",6,"e-Mainstream"
"E01011407","West Yorkshire","Leeds 057B",7,"Passive and Uncommitted Users"
"E01011408","West Yorkshire","Leeds 057C",9,"Settled Offline Communities"
"E01011409","West Yorkshire","Leeds 057D",6,"e-Mainstream"
"E01011410","West Yorkshire","Leeds 057E",8,"Digital Seniors"
"E01011411","West Yorkshire","Leeds 073A",5,"e-Rational Utilitarians"
"E01011412","West Yorkshire","Leeds 057F",9,"Settled Offline Communities"
"E01011413","West Yorkshire","Leeds 069A",3,"e-Veterans"
"E01011414","West Yorkshire","Leeds 073B",6,"e-Mainstream"
"E01011415","West Yorkshire","Leeds 069B",6,"e-Mainstream"
"E01011416","West Yorkshire","Leeds 069C",6,"e-Mainstream"
"E01011417","West Yorkshire","Leeds 069D",9,"Settled Offline Communities"
"E01011418","West Yorkshire","Leeds 073C",6,"e-Mainstream"
"E01011419","West Yorkshire","Leeds 073D",5,"e-Rational Utilitarians"
"E01011420","West Yorkshire","Leeds 069E",9,"Settled Offline Communities"
"E01011421","West Yorkshire","Leeds 040A",7,"Passive and Uncommitted Users"
"E01011422","West Yorkshire","Leeds 048A",7,"Passive and Uncommitted Users"
"E01011423","West Yorkshire","Leeds 047A",7,"Passive and Uncommitted Users"
"E01011424","West Yorkshire","Leeds 047B",7,"Passive and Uncommitted Users"
"E01011425","West Yorkshire","Leeds 040B",6,"e-Mainstream"
"E01011426","West Yorkshire","Leeds 048B",10,"e-Withdrawn"
"E01011427","West Yorkshire","Leeds 047C",10,"e-Withdrawn"
"E01011428","West Yorkshire","Leeds 048C",10,"e-Withdrawn"
"E01011429","West Yorkshire","Leeds 048D",10,"e-Withdrawn"
"E01011430","West Yorkshire","Leeds 053A",10,"e-Withdrawn"
"E01011431","West Yorkshire","Leeds 047D",10,"e-Withdrawn"
"E01011432","West Yorkshire","Leeds 053B",10,"e-Withdrawn"
"E01011433","West Yorkshire","Leeds 053C",7,"Passive and Uncommitted Users"
"E01011434","West Yorkshire","Leeds 053D",7,"Passive and Uncommitted Users"
"E01011435","West Yorkshire","Leeds 044A",1,"e-Cultural Creators"
"E01011440","West Yorkshire","Leeds 044D",1,"e-Cultural Creators"
"E01011441","West Yorkshire","Leeds 044E",1,"e-Cultural Creators"
"E01011442","West Yorkshire","Leeds 110A",1,"e-Cultural Creators"
"E01011443","West Yorkshire","Leeds 110B",1,"e-Cultural Creators"
"E01011444","West Yorkshire","Leeds 110C",1,"e-Cultural Creators"
"E01011445","West Yorkshire","Leeds 054A",1,"e-Cultural Creators"
"E01011446","West Yorkshire","Leeds 054B",1,"e-Cultural Creators"
"E01011447","West Yorkshire","Leeds 054C",1,"e-Cultural Creators"
"E01011448","West Yorkshire","Leeds 054D",1,"e-Cultural Creators"
"E01011449","West Yorkshire","Leeds 054E",1,"e-Cultural Creators"
"E01011450","West Yorkshire","Leeds 038D",6,"e-Mainstream"
"E01011451","West Yorkshire","Leeds 110D",1,"e-Cultural Creators"
"E01011452","West Yorkshire","Leeds 027A",3,"e-Veterans"
"E01011453","West Yorkshire","Leeds 028A",3,"e-Veterans"
"E01011454","West Yorkshire","Leeds 027B",3,"e-Veterans"
"E01011455","West Yorkshire","Leeds 021A",3,"e-Veterans"
"E01011456","West Yorkshire","Leeds 021B",5,"e-Rational Utilitarians"
"E01011457","West Yorkshire","Leeds 027C",3,"e-Veterans"
"E01011458","West Yorkshire","Leeds 027D",5,"e-Rational Utilitarians"
"E01011459","West Yorkshire","Leeds 021C",3,"e-Veterans"
"E01011460","West Yorkshire","Leeds 028B",3,"e-Veterans"
"E01011461","West Yorkshire","Leeds 021D",5,"e-Rational Utilitarians"
"E01011462","West Yorkshire","Leeds 028C",6,"e-Mainstream"
"E01011463","West Yorkshire","Leeds 028D",7,"Passive and Uncommitted Users"
"E01011464","West Yorkshire","Leeds 028E",3,"e-Veterans"
"E01011465","West Yorkshire","Leeds 027E",6,"e-Mainstream"
"E01011466","West Yorkshire","Leeds 094A",10,"e-Withdrawn"
"E01011467","West Yorkshire","Leeds 112A",10,"e-Withdrawn"
"E01011468","West Yorkshire","Leeds 112B",10,"e-Withdrawn"
"E01011469","West Yorkshire","Leeds 094B",7,"Passive and Uncommitted Users"
"E01011470","West Yorkshire","Leeds 112C",7,"Passive and Uncommitted Users"
"E01011471","West Yorkshire","Leeds 092A",10,"e-Withdrawn"
"E01011472","West Yorkshire","Leeds 092B",10,"e-Withdrawn"
"E01011473","West Yorkshire","Leeds 092C",10,"e-Withdrawn"
"E01011474","West Yorkshire","Leeds 092D",10,"e-Withdrawn"
"E01011475","West Yorkshire","Leeds 094C",7,"Passive and Uncommitted Users"
"E01011476","West Yorkshire","Leeds 094D",10,"e-Withdrawn"
"E01011477","West Yorkshire","Leeds 045A",4,"Youthful Urban Fringe"
"E01011478","West Yorkshire","Leeds 056A",2,"e-Professionals"
"E01011479","West Yorkshire","Leeds 056B",1,"e-Cultural Creators"
"E01011480","West Yorkshire","Leeds 045B",6,"e-Mainstream"
"E01011481","West Yorkshire","Leeds 056C",1,"e-Cultural Creators"
"E01011482","West Yorkshire","Leeds 056D",2,"e-Professionals"
"E01011483","West Yorkshire","Leeds 056E",4,"Youthful Urban Fringe"
"E01011484","West Yorkshire","Leeds 033A",10,"e-Withdrawn"
"E01011485","West Yorkshire","Leeds 033B",7,"Passive and Uncommitted Users"
"E01011488","West Yorkshire","Leeds 045C",2,"e-Professionals"
"E01011489","West Yorkshire","Leeds 045D",4,"Youthful Urban Fringe"
"E01011490","West Yorkshire","Leeds 099A",6,"e-Mainstream"
"E01011491","West Yorkshire","Leeds 101A",10,"e-Withdrawn"
"E01011492","West Yorkshire","Leeds 101B",10,"e-Withdrawn"
"E01011493","West Yorkshire","Leeds 101C",10,"e-Withdrawn"
"E01011494","West Yorkshire","Leeds 101D",10,"e-Withdrawn"
"E01011496","West Yorkshire","Leeds 100A",3,"e-Veterans"
"E01011497","West Yorkshire","Leeds 101E",10,"e-Withdrawn"
"E01011499","West Yorkshire","Leeds 105C",3,"e-Veterans"
"E01011500","West Yorkshire","Leeds 105D",8,"Digital Seniors"
"E01011502","West Yorkshire","Leeds 099C",10,"e-Withdrawn"
"E01011504","West Yorkshire","Leeds 032A",7,"Passive and Uncommitted Users"
"E01011505","West Yorkshire","Leeds 025A",6,"e-Mainstream"
"E01011506","West Yorkshire","Leeds 025B",4,"Youthful Urban Fringe"
"E01011507","West Yorkshire","Leeds 025C",6,"e-Mainstream"
"E01011508","West Yorkshire","Leeds 024A",2,"e-Professionals"
"E01011509","West Yorkshire","Leeds 023A",5,"e-Rational Utilitarians"
"E01011510","West Yorkshire","Leeds 025D",10,"e-Withdrawn"
"E01011511","West Yorkshire","Leeds 023B",6,"e-Mainstream"
"E01011512","West Yorkshire","Leeds 023C",3,"e-Veterans"
"E01011513","West Yorkshire","Leeds 031A",3,"e-Veterans"
"E01011514","West Yorkshire","Leeds 025E",3,"e-Veterans"
"E01011515","West Yorkshire","Leeds 023D",3,"e-Veterans"
"E01011516","West Yorkshire","Leeds 023E",3,"e-Veterans"
"E01011517","West Yorkshire","Leeds 024B",3,"e-Veterans"
"E01011518","West Yorkshire","Leeds 093A",6,"e-Mainstream"
"E01011519","West Yorkshire","Leeds 095A",7,"Passive and Uncommitted Users"
"E01011520","West Yorkshire","Leeds 096A",8,"Digital Seniors"
"E01011521","West Yorkshire","Leeds 096B",6,"e-Mainstream"
"E01011522","West Yorkshire","Leeds 095B",5,"e-Rational Utilitarians"
"E01011523","West Yorkshire","Leeds 096C",8,"Digital Seniors"
"E01011524","West Yorkshire","Leeds 093B",6,"e-Mainstream"
"E01011525","West Yorkshire","Leeds 095C",6,"e-Mainstream"
"E01011526","West Yorkshire","Leeds 093C",3,"e-Veterans"
"E01011527","West Yorkshire","Leeds 096D",8,"Digital Seniors"
"E01011528","West Yorkshire","Leeds 095D",3,"e-Veterans"
"E01011529","West Yorkshire","Leeds 096E",7,"Passive and Uncommitted Users"
"E01011530","West Yorkshire","Leeds 106A",6,"e-Mainstream"
"E01011531","West Yorkshire","Leeds 093D",9,"Settled Offline Communities"
"E01011532","West Yorkshire","Leeds 095E",7,"Passive and Uncommitted Users"
"E01011533","West Yorkshire","Leeds 104A",6,"e-Mainstream"
"E01011534","West Yorkshire","Leeds 106B",6,"e-Mainstream"
"E01011535","West Yorkshire","Leeds 108A",5,"e-Rational Utilitarians"
"E01011536","West Yorkshire","Leeds 108B",8,"Digital Seniors"
"E01011537","West Yorkshire","Leeds 107A",8,"Digital Seniors"
"E01011538","West Yorkshire","Leeds 107B",7,"Passive and Uncommitted Users"
"E01011540","West Yorkshire","Leeds 102B",7,"Passive and Uncommitted Users"
"E01011541","West Yorkshire","Leeds 104B",7,"Passive and Uncommitted Users"
"E01011545","West Yorkshire","Leeds 104C",6,"e-Mainstream"
"E01011546","West Yorkshire","Leeds 106C",7,"Passive and Uncommitted Users"
"E01011547","West Yorkshire","Leeds 104D",7,"Passive and Uncommitted Users"
"E01011548","West Yorkshire","Leeds 106D",8,"Digital Seniors"
"E01011549","West Yorkshire","Leeds 108C",3,"e-Veterans"
"E01011550","West Yorkshire","Leeds 106E",3,"e-Veterans"
"E01011551","West Yorkshire","Leeds 107C",3,"e-Veterans"
"E01011552","West Yorkshire","Leeds 107D",7,"Passive and Uncommitted Users"
"E01011553","West Yorkshire","Leeds 108D",6,"e-Mainstream"
"E01011554","West Yorkshire","Leeds 012A",3,"e-Veterans"
"E01011555","West Yorkshire","Leeds 018A",3,"e-Veterans"
"E01011556","West Yorkshire","Leeds 015A",3,"e-Veterans"
"E01011557","West Yorkshire","Leeds 015B",3,"e-Veterans"
"E01011558","West Yorkshire","Leeds 018B",7,"Passive and Uncommitted Users"
"E01011559","West Yorkshire","Leeds 018C",7,"Passive and Uncommitted Users"
"E01011560","West Yorkshire","Leeds 018D",7,"Passive and Uncommitted Users"
"E01011561","West Yorkshire","Leeds 006A",3,"e-Veterans"
"E01011562","West Yorkshire","Leeds 012B",3,"e-Veterans"
"E01011563","West Yorkshire","Leeds 012C",3,"e-Veterans"
"E01011564","West Yorkshire","Leeds 012D",3,"e-Veterans"
"E01011565","West Yorkshire","Leeds 015C",3,"e-Veterans"
"E01011566","West Yorkshire","Leeds 015D",3,"e-Veterans"
"E01011567","West Yorkshire","Leeds 012E",3,"e-Veterans"
"E01011568","West Yorkshire","Leeds 015E",3,"e-Veterans"
"E01011569","West Yorkshire","Leeds 004A",3,"e-Veterans"
"E01011570","West Yorkshire","Leeds 007A",5,"e-Rational Utilitarians"
"E01011571","West Yorkshire","Leeds 004B",8,"Digital Seniors"
"E01011572","West Yorkshire","Leeds 004C",3,"e-Veterans"
"E01011573","West Yorkshire","Leeds 004D",6,"e-Mainstream"
"E01011574","West Yorkshire","Leeds 004E",8,"Digital Seniors"
"E01011576","West Yorkshire","Leeds 007C",5,"e-Rational Utilitarians"
"E01011578","West Yorkshire","Leeds 011D",8,"Digital Seniors"
"E01011579","West Yorkshire","Leeds 014C",3,"e-Veterans"
"E01011580","West Yorkshire","Leeds 014D",5,"e-Rational Utilitarians"
"E01011581","West Yorkshire","Leeds 003A",8,"Digital Seniors"
"E01011582","West Yorkshire","Leeds 003B",7,"Passive and Uncommitted Users"
"E01011583","West Yorkshire","Leeds 003C",5,"e-Rational Utilitarians"
"E01011584","West Yorkshire","Leeds 003D",5,"e-Rational Utilitarians"
"E01011585","West Yorkshire","Leeds 062A",7,"Passive and Uncommitted Users"
"E01011586","West Yorkshire","Leeds 066A",6,"e-Mainstream"
"E01011587","West Yorkshire","Leeds 062B",3,"e-Veterans"
"E01011588","West Yorkshire","Leeds 039A",6,"e-Mainstream"
"E01011589","West Yorkshire","Leeds 039B",3,"e-Veterans"
"E01011590","West Yorkshire","Leeds 039C",5,"e-Rational Utilitarians"
"E01011591","West Yorkshire","Leeds 052D",3,"e-Veterans"
"E01011592","West Yorkshire","Leeds 039D",6,"e-Mainstream"
"E01011593","West Yorkshire","Leeds 039E",5,"e-Rational Utilitarians"
"E01011594","West Yorkshire","Leeds 062C",7,"Passive and Uncommitted Users"
"E01011595","West Yorkshire","Leeds 066B",4,"Youthful Urban Fringe"
"E01011596","West Yorkshire","Leeds 062D",6,"e-Mainstream"
"E01011597","West Yorkshire","Leeds 066C",6,"e-Mainstream"
"E01011598","West Yorkshire","Leeds 062E",6,"e-Mainstream"
"E01011599","West Yorkshire","Leeds 066D",6,"e-Mainstream"
"E01011600","West Yorkshire","Leeds 079A",6,"e-Mainstream"
"E01011601","West Yorkshire","Leeds 079B",7,"Passive and Uncommitted Users"
"E01011602","West Yorkshire","Leeds 076A",8,"Digital Seniors"
"E01011603","West Yorkshire","Leeds 076B",6,"e-Mainstream"
"E01011604","West Yorkshire","Leeds 079C",6,"e-Mainstream"
"E01011605","West Yorkshire","Leeds 076C",6,"e-Mainstream"
"E01011606","West Yorkshire","Leeds 076D",6,"e-Mainstream"
"E01011607","West Yorkshire","Leeds 079D",6,"e-Mainstream"
"E01011608","West Yorkshire","Leeds 068A",7,"Passive and Uncommitted Users"
"E01011609","West Yorkshire","Leeds 068B",7,"Passive and Uncommitted Users"
"E01011610","West Yorkshire","Leeds 068C",6,"e-Mainstream"
"E01011611","West Yorkshire","Leeds 068D",10,"e-Withdrawn"
"E01011612","West Yorkshire","Leeds 079E",10,"e-Withdrawn"
"E01011613","West Yorkshire","Leeds 076E",6,"e-Mainstream"
"E01011614","West Yorkshire","Leeds 068E",6,"e-Mainstream"
"E01011615","West Yorkshire","Leeds 070A",7,"Passive and Uncommitted Users"
"E01011616","West Yorkshire","Leeds 072A",10,"e-Withdrawn"
"E01011617","West Yorkshire","Leeds 070B",7,"Passive and Uncommitted Users"
"E01011618","West Yorkshire","Leeds 070C",7,"Passive and Uncommitted Users"
"E01011620","West Yorkshire","Leeds 072B",7,"Passive and Uncommitted Users"
"E01011621","West Yorkshire","Leeds 070D",7,"Passive and Uncommitted Users"
"E01011622","West Yorkshire","Leeds 072C",10,"e-Withdrawn"
"E01011623","West Yorkshire","Leeds 075B",10,"e-Withdrawn"
"E01011624","West Yorkshire","Leeds 072D",10,"e-Withdrawn"
"E01011625","West Yorkshire","Leeds 075C",7,"Passive and Uncommitted Users"
"E01011626","West Yorkshire","Leeds 075D",7,"Passive and Uncommitted Users"
"E01011627","West Yorkshire","Leeds 098A",7,"Passive and Uncommitted Users"
"E01011628","West Yorkshire","Leeds 098B",9,"Settled Offline Communities"
"E01011629","West Yorkshire","Leeds 098C",7,"Passive and Uncommitted Users"
"E01011630","West Yorkshire","Leeds 100B",6,"e-Mainstream"
"E01011632","West Yorkshire","Leeds 098D",7,"Passive and Uncommitted Users"
"E01011633","West Yorkshire","Leeds 098E",8,"Digital Seniors"
"E01011634","West Yorkshire","Leeds 100C",8,"Digital Seniors"
"E01011635","West Yorkshire","Leeds 097B",6,"e-Mainstream"
"E01011636","West Yorkshire","Leeds 100D",8,"Digital Seniors"
"E01011637","West Yorkshire","Leeds 097C",6,"e-Mainstream"
"E01011638","West Yorkshire","Leeds 097D",8,"Digital Seniors"
"E01011639","West Yorkshire","Leeds 100E",7,"Passive and Uncommitted Users"
"E01011641","West Yorkshire","Leeds 032B",3,"e-Veterans"
"E01011642","West Yorkshire","Leeds 032C",3,"e-Veterans"
"E01011643","West Yorkshire","Leeds 037A",3,"e-Veterans"
"E01011644","West Yorkshire","Leeds 037B",6,"e-Mainstream"
"E01011645","West Yorkshire","Leeds 032D",3,"e-Veterans"
"E01011646","West Yorkshire","Leeds 037C",6,"e-Mainstream"
"E01011647","West Yorkshire","Leeds 037D",7,"Passive and Uncommitted Users"
"E01011648","West Yorkshire","Leeds 037E",4,"Youthful Urban Fringe"
"E01011649","West Yorkshire","Leeds 022B",5,"e-Rational Utilitarians"
"E01011650","West Yorkshire","Leeds 020A",3,"e-Veterans"
"E01011651","West Yorkshire","Leeds 020B",3,"e-Veterans"
"E01011652","West Yorkshire","Leeds 024C",3,"e-Veterans"
"E01011653","West Yorkshire","Leeds 020C",3,"e-Veterans"
"E01011654","West Yorkshire","Leeds 024D",3,"e-Veterans"
"E01011655","West Yorkshire","Leeds 020D",3,"e-Veterans"
"E01011656","West Yorkshire","Leeds 035A",7,"Passive and Uncommitted Users"
"E01011657","West Yorkshire","Leeds 035B",7,"Passive and Uncommitted Users"
"E01011658","West Yorkshire","Leeds 040C",10,"e-Withdrawn"
"E01011659","West Yorkshire","Leeds 035C",10,"e-Withdrawn"
"E01011660","West Yorkshire","Leeds 040D",10,"e-Withdrawn"
"E01011661","West Yorkshire","Leeds 035D",10,"e-Withdrawn"
"E01011662","West Yorkshire","Leeds 040E",10,"e-Withdrawn"
"E01011663","West Yorkshire","Leeds 050A",7,"Passive and Uncommitted Users"
"E01011664","West Yorkshire","Leeds 050B",10,"e-Withdrawn"
"E01011665","West Yorkshire","Leeds 050C",7,"Passive and Uncommitted Users"
"E01011666","West Yorkshire","Leeds 061D",6,"e-Mainstream"
"E01011667","West Yorkshire","Leeds 050D",10,"e-Withdrawn"
"E01011668","West Yorkshire","Leeds 110E",1,"e-Cultural Creators"
"E01011669","West Yorkshire","Leeds 110F",1,"e-Cultural Creators"
"E01011670","West Yorkshire","Leeds 055A",4,"Youthful Urban Fringe"
"E01011671","West Yorkshire","Leeds 055B",7,"Passive and Uncommitted Users"
"E01011673","West Yorkshire","Leeds 064B",7,"Passive and Uncommitted Users"
"E01011677","West Yorkshire","Leeds 064D",10,"e-Withdrawn"
"E01011678","West Yorkshire","Leeds 063B",1,"e-Cultural Creators"
"E01011681","West Yorkshire","Leeds 063D",4,"Youthful Urban Fringe"
"E01011684","West Yorkshire","Leeds 019C",6,"e-Mainstream"
"E01011685","West Yorkshire","Leeds 109A",2,"e-Professionals"
"E01011686","West Yorkshire","Leeds 033E",10,"e-Withdrawn"
"E01011687","West Yorkshire","Leeds 109B",3,"e-Veterans"
"E01011688","West Yorkshire","Leeds 031B",3,"e-Veterans"
"E01011689","West Yorkshire","Leeds 031C",6,"e-Mainstream"
"E01011690","West Yorkshire","Leeds 109C",2,"e-Professionals"
"E01011691","West Yorkshire","Leeds 031D",4,"Youthful Urban Fringe"
"E01011692","West Yorkshire","Leeds 109D",2,"e-Professionals"
"E01011693","West Yorkshire","Leeds 109E",2,"e-Professionals"
"E01011694","West Yorkshire","Leeds 109F",2,"e-Professionals"
"E01011695","West Yorkshire","Leeds 019D",7,"Passive and Uncommitted Users"
"E01011696","West Yorkshire","Leeds 006B",5,"e-Rational Utilitarians"
"E01011697","West Yorkshire","Leeds 002A",6,"e-Mainstream"
"E01011698","West Yorkshire","Leeds 001A",8,"Digital Seniors"
"E01011699","West Yorkshire","Leeds 001B",5,"e-Rational Utilitarians"
"E01011700","West Yorkshire","Leeds 002B",8,"Digital Seniors"
"E01011701","West Yorkshire","Leeds 001C",5,"e-Rational Utilitarians"
"E01011702","West Yorkshire","Leeds 001D",5,"e-Rational Utilitarians"
"E01011703","West Yorkshire","Leeds 001E",5,"e-Rational Utilitarians"
"E01011704","West Yorkshire","Leeds 002C",9,"Settled Offline Communities"
"E01011705","West Yorkshire","Leeds 002D",7,"Passive and Uncommitted Users"
"E01011706","West Yorkshire","Leeds 006C",5,"e-Rational Utilitarians"
"E01011707","West Yorkshire","Leeds 005A",9,"Settled Offline Communities"
"E01011708","West Yorkshire","Leeds 006D",5,"e-Rational Utilitarians"
"E01011709","West Yorkshire","Leeds 005B",5,"e-Rational Utilitarians"
"E01011710","West Yorkshire","Leeds 005C",5,"e-Rational Utilitarians"
"E01011711","West Yorkshire","Leeds 005D",5,"e-Rational Utilitarians"
"E01011712","West Yorkshire","Leeds 005E",5,"e-Rational Utilitarians"
"E01011713","West Yorkshire","Leeds 006E",3,"e-Veterans"
"E01011714","West Yorkshire","Leeds 029A",8,"Digital Seniors"
"E01011715","West Yorkshire","Leeds 022C",5,"e-Rational Utilitarians"
"E01011716","West Yorkshire","Leeds 029B",6,"e-Mainstream"
"E01011717","West Yorkshire","Leeds 029C",7,"Passive and Uncommitted Users"
"E01011718","West Yorkshire","Leeds 029D",7,"Passive and Uncommitted Users"
"E01011719","West Yorkshire","Leeds 022D",8,"Digital Seniors"
"E01011720","West Yorkshire","Leeds 029E",10,"e-Withdrawn"
"E01011721","West Yorkshire","Leeds 041A",10,"e-Withdrawn"
"E01011722","West Yorkshire","Leeds 041B",7,"Passive and Uncommitted Users"
"E01011723","West Yorkshire","Leeds 041C",10,"e-Withdrawn"
"E01011724","West Yorkshire","Leeds 041D",7,"Passive and Uncommitted Users"
"E01011725","West Yorkshire","Leeds 078A",10,"e-Withdrawn"
"E01011726","West Yorkshire","Leeds 080A",7,"Passive and Uncommitted Users"
"E01011727","West Yorkshire","Leeds 080B",6,"e-Mainstream"
"E01011728","West Yorkshire","Leeds 080C",8,"Digital Seniors"
"E01011729","West Yorkshire","Leeds 078B",7,"Passive and Uncommitted Users"
"E01011730","West Yorkshire","Leeds 078C",7,"Passive and Uncommitted Users"
"E01011731","West Yorkshire","Leeds 081B",8,"Digital Seniors"
"E01011732","West Yorkshire","Leeds 081C",6,"e-Mainstream"
"E01011733","West Yorkshire","Leeds 081D",7,"Passive and Uncommitted Users"
"E01011734","West Yorkshire","Leeds 083A",3,"e-Veterans"
"E01011735","West Yorkshire","Leeds 078D",10,"e-Withdrawn"
"E01011736","West Yorkshire","Leeds 083B",7,"Passive and Uncommitted Users"
"E01011737","West Yorkshire","Leeds 083C",7,"Passive and Uncommitted Users"
"E01011738","West Yorkshire","Leeds 083D",8,"Digital Seniors"
"E01011739","West Yorkshire","Leeds 080D",10,"e-Withdrawn"
"E01011740","West Yorkshire","Wakefield 001A",10,"e-Withdrawn"
"E01011741","West Yorkshire","Wakefield 001B",7,"Passive and Uncommitted Users"
"E01011742","West Yorkshire","Wakefield 001C",10,"e-Withdrawn"
"E01011743","West Yorkshire","Wakefield 003A",8,"Digital Seniors"
"E01011744","West Yorkshire","Wakefield 003B",6,"e-Mainstream"
"E01011745","West Yorkshire","Wakefield 001D",10,"e-Withdrawn"
"E01011746","West Yorkshire","Wakefield 001E",10,"e-Withdrawn"
"E01011747","West Yorkshire","Wakefield 003C",10,"e-Withdrawn"
"E01011748","West Yorkshire","Wakefield 005A",8,"Digital Seniors"
"E01011749","West Yorkshire","Wakefield 005B",6,"e-Mainstream"
"E01011750","West Yorkshire","Wakefield 003D",10,"e-Withdrawn"
"E01011751","West Yorkshire","Wakefield 005C",6,"e-Mainstream"
"E01011752","West Yorkshire","Wakefield 002A",7,"Passive and Uncommitted Users"
"E01011753","West Yorkshire","Wakefield 002B",7,"Passive and Uncommitted Users"
"E01011754","West Yorkshire","Wakefield 003E",10,"e-Withdrawn"
"E01011755","West Yorkshire","Wakefield 005D",6,"e-Mainstream"
"E01011756","West Yorkshire","Wakefield 002C",10,"e-Withdrawn"
"E01011757","West Yorkshire","Wakefield 004A",7,"Passive and Uncommitted Users"
"E01011758","West Yorkshire","Wakefield 013A",7,"Passive and Uncommitted Users"
"E01011759","West Yorkshire","Wakefield 004B",7,"Passive and Uncommitted Users"
"E01011760","West Yorkshire","Wakefield 002D",7,"Passive and Uncommitted Users"
"E01011761","West Yorkshire","Wakefield 004C",7,"Passive and Uncommitted Users"
"E01011762","West Yorkshire","Wakefield 002E",7,"Passive and Uncommitted Users"
"E01011763","West Yorkshire","Wakefield 004D",10,"e-Withdrawn"
"E01011764","West Yorkshire","Wakefield 004E",10,"e-Withdrawn"
"E01011765","West Yorkshire","Wakefield 032A",7,"Passive and Uncommitted Users"
"E01011766","West Yorkshire","Wakefield 032B",6,"e-Mainstream"
"E01011767","West Yorkshire","Wakefield 034A",5,"e-Rational Utilitarians"
"E01011768","West Yorkshire","Wakefield 034B",5,"e-Rational Utilitarians"
"E01011769","West Yorkshire","Wakefield 034C",5,"e-Rational Utilitarians"
"E01011770","West Yorkshire","Wakefield 034D",8,"Digital Seniors"
"E01011771","West Yorkshire","Wakefield 040A",10,"e-Withdrawn"
"E01011772","West Yorkshire","Wakefield 040B",7,"Passive and Uncommitted Users"
"E01011773","West Yorkshire","Wakefield 032C",5,"e-Rational Utilitarians"
"E01011774","West Yorkshire","Wakefield 032D",8,"Digital Seniors"
"E01011775","West Yorkshire","Wakefield 024A",6,"e-Mainstream"
"E01011776","West Yorkshire","Wakefield 024B",7,"Passive and Uncommitted Users"
"E01011777","West Yorkshire","Wakefield 024C",7,"Passive and Uncommitted Users"
"E01011778","West Yorkshire","Wakefield 024D",7,"Passive and Uncommitted Users"
"E01011779","West Yorkshire","Wakefield 027A",7,"Passive and Uncommitted Users"
"E01011780","West Yorkshire","Wakefield 027B",10,"e-Withdrawn"
"E01011781","West Yorkshire","Wakefield 027C",7,"Passive and Uncommitted Users"
"E01011782","West Yorkshire","Wakefield 027D",7,"Passive and Uncommitted Users"
"E01011783","West Yorkshire","Wakefield 027E",7,"Passive and Uncommitted Users"
"E01011784","West Yorkshire","Wakefield 040C",8,"Digital Seniors"
"E01011785","West Yorkshire","Wakefield 039A",7,"Passive and Uncommitted Users"
"E01011786","West Yorkshire","Wakefield 040D",7,"Passive and Uncommitted Users"
"E01011787","West Yorkshire","Wakefield 042A",7,"Passive and Uncommitted Users"
"E01011788","West Yorkshire","Wakefield 042B",8,"Digital Seniors"
"E01011789","West Yorkshire","Wakefield 039B",10,"e-Withdrawn"
"E01011790","West Yorkshire","Wakefield 042C",7,"Passive and Uncommitted Users"
"E01011791","West Yorkshire","Wakefield 039C",10,"e-Withdrawn"
"E01011792","West Yorkshire","Wakefield 039D",10,"e-Withdrawn"
"E01011793","West Yorkshire","Wakefield 029A",9,"Settled Offline Communities"
"E01011794","West Yorkshire","Wakefield 029B",7,"Passive and Uncommitted Users"
"E01011795","West Yorkshire","Wakefield 029C",7,"Passive and Uncommitted Users"
"E01011796","West Yorkshire","Wakefield 029D",6,"e-Mainstream"
"E01011797","West Yorkshire","Wakefield 031A",5,"e-Rational Utilitarians"
"E01011798","West Yorkshire","Wakefield 031B",5,"e-Rational Utilitarians"
"E01011799","West Yorkshire","Wakefield 029E",7,"Passive and Uncommitted Users"
"E01011800","West Yorkshire","Wakefield 029F",6,"e-Mainstream"
"E01011801","West Yorkshire","Wakefield 031C",7,"Passive and Uncommitted Users"
"E01011802","West Yorkshire","Wakefield 031D",8,"Digital Seniors"
"E01011803","West Yorkshire","Wakefield 011A",10,"e-Withdrawn"
"E01011804","West Yorkshire","Wakefield 011B",7,"Passive and Uncommitted Users"
"E01011805","West Yorkshire","Wakefield 010A",10,"e-Withdrawn"
"E01011806","West Yorkshire","Wakefield 011C",7,"Passive and Uncommitted Users"
"E01011807","West Yorkshire","Wakefield 010B",7,"Passive and Uncommitted Users"
"E01011808","West Yorkshire","Wakefield 010C",7,"Passive and Uncommitted Users"
"E01011809","West Yorkshire","Wakefield 011D",10,"e-Withdrawn"
"E01011810","West Yorkshire","Wakefield 010D",7,"Passive and Uncommitted Users"
"E01011811","West Yorkshire","Wakefield 011E",10,"e-Withdrawn"
"E01011812","West Yorkshire","Wakefield 013B",3,"e-Veterans"
"E01011813","West Yorkshire","Wakefield 016A",10,"e-Withdrawn"
"E01011814","West Yorkshire","Wakefield 016B",7,"Passive and Uncommitted Users"
"E01011815","West Yorkshire","Wakefield 016C",7,"Passive and Uncommitted Users"
"E01011816","West Yorkshire","Wakefield 016D",10,"e-Withdrawn"
"E01011817","West Yorkshire","Wakefield 024E",7,"Passive and Uncommitted Users"
"E01011818","West Yorkshire","Wakefield 024F",8,"Digital Seniors"
"E01011819","West Yorkshire","Wakefield 016E",6,"e-Mainstream"
"E01011820","West Yorkshire","Wakefield 013C",7,"Passive and Uncommitted Users"
"E01011821","West Yorkshire","Wakefield 013D",7,"Passive and Uncommitted Users"
"E01011822","West Yorkshire","Wakefield 016F",7,"Passive and Uncommitted Users"
"E01011823","West Yorkshire","Wakefield 021A",8,"Digital Seniors"
"E01011824","West Yorkshire","Wakefield 021B",7,"Passive and Uncommitted Users"
"E01011825","West Yorkshire","Wakefield 021C",6,"e-Mainstream"
"E01011826","West Yorkshire","Wakefield 021D",8,"Digital Seniors"
"E01011827","West Yorkshire","Wakefield 021E",9,"Settled Offline Communities"
"E01011828","West Yorkshire","Wakefield 021F",8,"Digital Seniors"
"E01011829","West Yorkshire","Wakefield 025A",6,"e-Mainstream"
"E01011830","West Yorkshire","Wakefield 025B",7,"Passive and Uncommitted Users"
"E01011831","West Yorkshire","Wakefield 025C",7,"Passive and Uncommitted Users"
"E01011832","West Yorkshire","Wakefield 025D",7,"Passive and Uncommitted Users"
"E01011833","West Yorkshire","Wakefield 025E",8,"Digital Seniors"
"E01011834","West Yorkshire","Wakefield 015A",7,"Passive and Uncommitted Users"
"E01011835","West Yorkshire","Wakefield 012A",8,"Digital Seniors"
"E01011836","West Yorkshire","Wakefield 012B",6,"e-Mainstream"
"E01011837","West Yorkshire","Wakefield 015B",7,"Passive and Uncommitted Users"
"E01011838","West Yorkshire","Wakefield 015C",7,"Passive and Uncommitted Users"
"E01011839","West Yorkshire","Wakefield 012C",7,"Passive and Uncommitted Users"
"E01011840","West Yorkshire","Wakefield 018A",7,"Passive and Uncommitted Users"
"E01011841","West Yorkshire","Wakefield 015D",9,"Settled Offline Communities"
"E01011842","West Yorkshire","Wakefield 015E",10,"e-Withdrawn"
"E01011843","West Yorkshire","Wakefield 012D",7,"Passive and Uncommitted Users"
"E01011844","West Yorkshire","Wakefield 012E",3,"e-Veterans"
"E01011845","West Yorkshire","Wakefield 023A",9,"Settled Offline Communities"
"E01011846","West Yorkshire","Wakefield 023B",5,"e-Rational Utilitarians"
"E01011847","West Yorkshire","Wakefield 023C",5,"e-Rational Utilitarians"
"E01011848","West Yorkshire","Wakefield 023D",5,"e-Rational Utilitarians"
"E01011849","West Yorkshire","Wakefield 034E",8,"Digital Seniors"
"E01011850","West Yorkshire","Wakefield 018B",10,"e-Withdrawn"
"E01011851","West Yorkshire","Wakefield 023E",7,"Passive and Uncommitted Users"
"E01011852","West Yorkshire","Wakefield 018C",7,"Passive and Uncommitted Users"
"E01011853","West Yorkshire","Wakefield 018D",7,"Passive and Uncommitted Users"
"E01011854","West Yorkshire","Wakefield 041A",7,"Passive and Uncommitted Users"
"E01011855","West Yorkshire","Wakefield 041B",8,"Digital Seniors"
"E01011856","West Yorkshire","Wakefield 041C",7,"Passive and Uncommitted Users"
"E01011857","West Yorkshire","Wakefield 034F",5,"e-Rational Utilitarians"
"E01011858","West Yorkshire","Wakefield 041D",8,"Digital Seniors"
"E01011859","West Yorkshire","Wakefield 043A",10,"e-Withdrawn"
"E01011860","West Yorkshire","Wakefield 044A",7,"Passive and Uncommitted Users"
"E01011861","West Yorkshire","Wakefield 044B",6,"e-Mainstream"
"E01011862","West Yorkshire","Wakefield 044C",7,"Passive and Uncommitted Users"
"E01011863","West Yorkshire","Wakefield 044D",10,"e-Withdrawn"
"E01011864","West Yorkshire","Wakefield 045A",10,"e-Withdrawn"
"E01011865","West Yorkshire","Wakefield 042D",10,"e-Withdrawn"
"E01011866","West Yorkshire","Wakefield 045B",7,"Passive and Uncommitted Users"
"E01011867","West Yorkshire","Wakefield 042E",7,"Passive and Uncommitted Users"
"E01011868","West Yorkshire","Wakefield 045C",7,"Passive and Uncommitted Users"
"E01011869","West Yorkshire","Wakefield 043B",10,"e-Withdrawn"
"E01011870","West Yorkshire","Wakefield 043C",9,"Settled Offline Communities"
"E01011871","West Yorkshire","Wakefield 043D",7,"Passive and Uncommitted Users"
"E01011872","West Yorkshire","Wakefield 045D",7,"Passive and Uncommitted Users"
"E01011873","West Yorkshire","Wakefield 006A",3,"e-Veterans"
"E01011874","West Yorkshire","Wakefield 009A",8,"Digital Seniors"
"E01011875","West Yorkshire","Wakefield 007A",7,"Passive and Uncommitted Users"
"E01011876","West Yorkshire","Wakefield 007B",7,"Passive and Uncommitted Users"
"E01011877","West Yorkshire","Wakefield 006B",6,"e-Mainstream"
"E01011878","West Yorkshire","Wakefield 007C",6,"e-Mainstream"
"E01011879","West Yorkshire","Wakefield 009B",6,"e-Mainstream"
"E01011880","West Yorkshire","Wakefield 007D",5,"e-Rational Utilitarians"
"E01011881","West Yorkshire","Wakefield 008A",8,"Digital Seniors"
"E01011882","West Yorkshire","Wakefield 009C",9,"Settled Offline Communities"
"E01011883","West Yorkshire","Wakefield 009D",8,"Digital Seniors"
"E01011884","West Yorkshire","Wakefield 017A",6,"e-Mainstream"
"E01011885","West Yorkshire","Wakefield 014A",8,"Digital Seniors"
"E01011886","West Yorkshire","Wakefield 014B",8,"Digital Seniors"
"E01011887","West Yorkshire","Wakefield 008B",6,"e-Mainstream"
"E01011888","West Yorkshire","Wakefield 014C",5,"e-Rational Utilitarians"
"E01011889","West Yorkshire","Wakefield 022A",3,"e-Veterans"
"E01011890","West Yorkshire","Wakefield 014D",6,"e-Mainstream"
"E01011891","West Yorkshire","Wakefield 014E",7,"Passive and Uncommitted Users"
"E01011892","West Yorkshire","Wakefield 022B",7,"Passive and Uncommitted Users"
"E01011893","West Yorkshire","Wakefield 008C",5,"e-Rational Utilitarians"
"E01011894","West Yorkshire","Wakefield 006C",3,"e-Veterans"
"E01011895","West Yorkshire","Wakefield 006D",6,"e-Mainstream"
"E01011896","West Yorkshire","Wakefield 008D",7,"Passive and Uncommitted Users"
"E01011897","West Yorkshire","Wakefield 008E",10,"e-Withdrawn"
"E01011898","West Yorkshire","Wakefield 030A",4,"Youthful Urban Fringe"
"E01011899","West Yorkshire","Wakefield 026A",7,"Passive and Uncommitted Users"
"E01011900","West Yorkshire","Wakefield 026B",10,"e-Withdrawn"
"E01011901","West Yorkshire","Wakefield 026C",10,"e-Withdrawn"
"E01011902","West Yorkshire","Wakefield 028A",9,"Settled Offline Communities"
"E01011903","West Yorkshire","Wakefield 028B",7,"Passive and Uncommitted Users"
"E01011904","West Yorkshire","Wakefield 026D",10,"e-Withdrawn"
"E01011905","West Yorkshire","Wakefield 028C",5,"e-Rational Utilitarians"
"E01011906","West Yorkshire","Wakefield 030B",10,"e-Withdrawn"
"E01011907","West Yorkshire","Wakefield 028D",7,"Passive and Uncommitted Users"
"E01011908","West Yorkshire","Wakefield 030C",7,"Passive and Uncommitted Users"
"E01011909","West Yorkshire","Wakefield 020A",7,"Passive and Uncommitted Users"
"E01011910","West Yorkshire","Wakefield 020B",10,"e-Withdrawn"
"E01011911","West Yorkshire","Wakefield 020C",10,"e-Withdrawn"
"E01011912","West Yorkshire","Wakefield 017B",10,"e-Withdrawn"
"E01011913","West Yorkshire","Wakefield 017C",10,"e-Withdrawn"
"E01011914","West Yorkshire","Wakefield 020D",10,"e-Withdrawn"
"E01011915","West Yorkshire","Wakefield 020E",7,"Passive and Uncommitted Users"
"E01011916","West Yorkshire","Wakefield 017D",10,"e-Withdrawn"
"E01011917","West Yorkshire","Wakefield 030D",10,"e-Withdrawn"
"E01011918","West Yorkshire","Wakefield 026E",7,"Passive and Uncommitted Users"
"E01011919","West Yorkshire","Wakefield 022C",7,"Passive and Uncommitted Users"
"E01011920","West Yorkshire","Wakefield 019A",7,"Passive and Uncommitted Users"
"E01011921","West Yorkshire","Wakefield 022D",8,"Digital Seniors"
"E01011922","West Yorkshire","Wakefield 026F",10,"e-Withdrawn"
"E01011923","West Yorkshire","Wakefield 019B",3,"e-Veterans"
"E01011924","West Yorkshire","Wakefield 019C",7,"Passive and Uncommitted Users"
"E01011925","West Yorkshire","Wakefield 019D",7,"Passive and Uncommitted Users"
"E01011926","West Yorkshire","Wakefield 022E",10,"e-Withdrawn"
"E01011927","West Yorkshire","Wakefield 022F",7,"Passive and Uncommitted Users"
"E01011928","West Yorkshire","Wakefield 035A",9,"Settled Offline Communities"
"E01011929","West Yorkshire","Wakefield 036A",8,"Digital Seniors"
"E01011930","West Yorkshire","Wakefield 036B",5,"e-Rational Utilitarians"
"E01011931","West Yorkshire","Wakefield 035B",8,"Digital Seniors"
"E01011932","West Yorkshire","Wakefield 035C",5,"e-Rational Utilitarians"
"E01011933","West Yorkshire","Wakefield 036C",8,"Digital Seniors"
"E01011934","West Yorkshire","Wakefield 037A",5,"e-Rational Utilitarians"
"E01011935","West Yorkshire","Wakefield 038A",3,"e-Veterans"
"E01011936","West Yorkshire","Wakefield 037B",7,"Passive and Uncommitted Users"
"E01011937","West Yorkshire","Wakefield 036D",5,"e-Rational Utilitarians"
"E01011938","West Yorkshire","Wakefield 035D",6,"e-Mainstream"
"E01011939","West Yorkshire","Wakefield 033A",5,"e-Rational Utilitarians"
"E01011940","West Yorkshire","Wakefield 037C",7,"Passive and Uncommitted Users"
"E01011941","West Yorkshire","Wakefield 038B",8,"Digital Seniors"
"E01011942","West Yorkshire","Wakefield 038C",5,"e-Rational Utilitarians"
"E01011943","West Yorkshire","Wakefield 037D",7,"Passive and Uncommitted Users"
"E01011944","West Yorkshire","Wakefield 030E",6,"e-Mainstream"
"E01011945","West Yorkshire","Wakefield 033B",5,"e-Rational Utilitarians"
"E01011946","West Yorkshire","Wakefield 038D",5,"e-Rational Utilitarians"
"E01011947","West Yorkshire","Wakefield 033C",5,"e-Rational Utilitarians"
"E01011948","West Yorkshire","Wakefield 033D",5,"e-Rational Utilitarians"
"E01032487","West Yorkshire","Leeds 097F",7,"Passive and Uncommitted Users"
"E01032488","West Yorkshire","Leeds 097G",5,"e-Rational Utilitarians"
"E01032489","West Yorkshire","Leeds 102F",6,"e-Mainstream"
"E01032490","West Yorkshire","Leeds 102G",3,"e-Veterans"
"E01032491","West Yorkshire","Leeds 102H",3,"e-Veterans"
"E01032492","West Yorkshire","Leeds 102I",7,"Passive and Uncommitted Users"
"E01032493","West Yorkshire","Leeds 033F",6,"e-Mainstream"
"E01032494","West Yorkshire","Leeds 033G",7,"Passive and Uncommitted Users"
"E01032495","West Yorkshire","Leeds 105E",3,"e-Veterans"
"E01032496","West Yorkshire","Leeds 105F",6,"e-Mainstream"
"E01032497","West Yorkshire","Leeds 099E",7,"Passive and Uncommitted Users"
"E01032498","West Yorkshire","Leeds 099F",9,"Settled Offline Communities"
"E01032499","West Yorkshire","Leeds 067G",6,"e-Mainstream"
"E01032500","West Yorkshire","Leeds 067H",4,"Youthful Urban Fringe"
"E01032501","West Yorkshire","Leeds 017E",5,"e-Rational Utilitarians"
"E01032502","West Yorkshire","Leeds 017F",6,"e-Mainstream"
"E01032503","West Yorkshire","Leeds 007E",5,"e-Rational Utilitarians"
"E01032504","West Yorkshire","Leeds 007F",5,"e-Rational Utilitarians"
"E01032606","West Yorkshire","Leeds 067I",7,"Passive and Uncommitted Users"
"E01032607","West Yorkshire","Leeds 067J",7,"Passive and Uncommitted Users"
"E01032608","West Yorkshire","Leeds 067K",4,"Youthful Urban Fringe"
"E01032876","West Yorkshire","Leeds 109G",1,"e-Cultural Creators"
"E01032923","West Yorkshire","Calderdale 008F",7,"Passive and Uncommitted Users"
"E01032945","West Yorkshire","Leeds 044F",1,"e-Cultural Creators"
"E01032946","West Yorkshire","Leeds 110G",1,"e-Cultural Creators"
"E01033002","West Yorkshire","Leeds 055F",4,"Youthful Urban Fringe"
"E01033003","West Yorkshire","Leeds 055G",4,"Youthful Urban Fringe"
"E01033005","West Yorkshire","Leeds 055H",1,"e-Cultural Creators"
"E01033006","West Yorkshire","Leeds 063E",1,"e-Cultural Creators"
"E01033008","West Yorkshire","Leeds 111A",2,"e-Professionals"
"E01033010","West Yorkshire","Leeds 111B",1,"e-Cultural Creators"
"E01033011","West Yorkshire","Leeds 111C",2,"e-Professionals"
"E01033013","West Yorkshire","Leeds 082E",4,"Youthful Urban Fringe"
"E01033015","West Yorkshire","Leeds 111D",2,"e-Professionals"
"E01033016","West Yorkshire","Leeds 111E",2,"e-Professionals"
"E01033018","West Yorkshire","Leeds 112D",2,"e-Professionals"
"E01033019","West Yorkshire","Leeds 112E",1,"e-Cultural Creators"
"E01033021","West Yorkshire","Leeds 075E",10,"e-Withdrawn"
"E01033031","West Yorkshire","Leeds 064E",4,"Youthful Urban Fringe"
"E01033032","West Yorkshire","Leeds 082F",2,"e-Professionals"
"E01033033","West Yorkshire","Leeds 075F",1,"e-Cultural Creators"
"E01033034","West Yorkshire","Leeds 075G",2,"e-Professionals"
"E01033035","West Yorkshire","Leeds 064F",10,"e-Withdrawn"
"E01033542","West Yorkshire","Kirklees 017E",7,"Passive and Uncommitted Users"
"E01033689","West Yorkshire","Bradford 020E",4,"Youthful Urban Fringe"
"E01033690","West Yorkshire","Bradford 039G",1,"e-Cultural Creators"
"E01033691","West Yorkshire","Bradford 039H",10,"e-Withdrawn"
"E01033692","West Yorkshire","Bradford 039I",4,"Youthful Urban Fringe"
"E01033693","West Yorkshire","Bradford 039J",10,"e-Withdrawn"
"E01033694","West Yorkshire","Bradford 020F",3,"e-Veterans"
"E01033695","West Yorkshire","Bradford 049H",4,"Youthful Urban Fringe"
"E01033696","West Yorkshire","Bradford 049I",6,"e-Mainstream"
"E01033697","West Yorkshire","Bradford 049J",10,"e-Withdrawn"
